Date,Strategy
2014-01-02,1.0
2014-01-03,1.0
2014-01-06,1.0
2014-01-07,1.0
2014-01-08,1.0
2014-01-09,1.0
2014-01-10,1.0
2014-01-13,1.0
2014-01-14,1.0
2014-01-15,1.0
2014-01-16,1.0
2014-01-17,1.0
2014-01-21,1.0
2014-01-22,1.0
2014-01-23,1.0
2014-01-24,1.0
2014-01-27,1.0
2014-01-28,1.0
2014-01-29,1.0
2014-01-30,1.0
2014-01-31,1.0
2014-02-03,1.0
2014-02-04,1.0
2014-02-05,1.0
2014-02-06,1.0
2014-02-07,1.0
2014-02-10,1.0
2014-02-11,1.0
2014-02-12,1.0
2014-02-13,1.0
2014-02-14,1.0
2014-02-18,1.0
2014-02-19,1.0
2014-02-20,1.0
2014-02-21,1.0
2014-02-24,1.0
2014-02-25,1.0
2014-02-26,1.0
2014-02-27,1.0
2014-02-28,1.0
2014-03-03,1.0
2014-03-04,1.0
2014-03-05,1.0
2014-03-06,1.0
2014-03-07,1.0
2014-03-10,1.0
2014-03-11,1.0
2014-03-12,1.0
2014-03-13,1.0
2014-03-14,1.0
2014-03-17,1.0
2014-03-18,1.0
2014-03-19,1.0
2014-03-20,1.0
2014-03-21,1.0
2014-03-24,1.0
2014-03-25,1.0
2014-03-26,1.0
2014-03-27,1.0
2014-03-28,1.0
2014-03-31,1.0
2014-04-01,1.0
2014-04-02,1.0
2014-04-03,1.0
2014-04-04,1.0
2014-04-07,1.0
2014-04-08,1.0
2014-04-09,1.0
2014-04-10,1.0
2014-04-11,1.0
2014-04-14,1.0
2014-04-15,1.0
2014-04-16,1.0
2014-04-17,1.0
2014-04-21,1.0
2014-04-22,1.0
2014-04-23,1.0
2014-04-24,1.0
2014-04-25,1.0
2014-04-28,1.0
2014-04-29,1.0
2014-04-30,1.0
2014-05-01,1.0
2014-05-02,1.0
2014-05-05,1.0
2014-05-06,1.0
2014-05-07,1.0
2014-05-08,1.0
2014-05-09,1.0
2014-05-12,1.0
2014-05-13,1.0
2014-05-14,1.0
2014-05-15,1.0
2014-05-16,1.0
2014-05-19,1.0
2014-05-20,1.0
2014-05-21,1.0
2014-05-22,1.0
2014-05-23,1.0
2014-05-27,1.0
2014-05-28,1.0
2014-05-29,1.0
2014-05-30,1.0
2014-06-02,1.0
2014-06-03,1.0
2014-06-04,1.0
2014-06-05,1.0
2014-06-06,1.0
2014-06-09,1.0
2014-06-10,1.0
2014-06-11,1.0
2014-06-12,1.0
2014-06-13,1.0
2014-06-16,1.0
2014-06-17,1.0
2014-06-18,1.0
2014-06-19,1.0
2014-06-20,1.0
2014-06-23,1.0
2014-06-24,1.0
2014-06-25,1.0
2014-06-26,1.0
2014-06-27,1.0
2014-06-30,1.0
2014-07-01,1.0
2014-07-02,1.0
2014-07-03,1.0
2014-07-07,1.0
2014-07-08,1.0
2014-07-09,1.0
2014-07-10,1.0
2014-07-11,1.0
2014-07-14,1.0
2014-07-15,1.0
2014-07-16,1.0
2014-07-17,1.0
2014-07-18,1.0
2014-07-21,1.0
2014-07-22,1.0
2014-07-23,1.0
2014-07-24,1.0
2014-07-25,1.0
2014-07-28,1.0
2014-07-29,1.0
2014-07-30,1.0
2014-07-31,1.0
2014-08-01,0.9997
2014-08-04,1.0033218996786637
2014-08-05,0.9976701821686829
2014-08-06,0.9959822343295793
2014-08-07,0.9949531677721796
2014-08-08,0.9993543635092248
2014-08-11,1.0027954518599218
2014-08-12,1.0015448069246042
2014-08-13,1.0069894796943732
2014-08-14,1.0108290864497236
2014-08-15,1.0134394875125603
2014-08-18,1.0160203779091708
2014-08-19,1.0179447455062325
2014-08-20,1.016723622502653
2014-08-21,1.0194475304544781
2014-08-22,1.019418019041837
2014-08-25,1.023617295924367
2014-08-26,1.0243852347693896
2014-08-27,1.0268948365769888
2014-08-28,1.0261203521980529
2014-08-29,1.0271540522782356
2014-09-02,1.0238214465509956
2014-09-03,1.0266662691844093
2014-09-04,1.0214049653166501
2014-09-05,1.0236908309212651
2014-09-08,1.0200466399107584
2014-09-09,1.014995404447739
2014-09-10,1.0157710497302141
2014-09-11,1.0135571685601101
2014-09-12,1.007603514095541
2014-09-15,1.0055139454213002
2014-09-16,1.0095047577168859
2014-09-17,1.0065689706923948
2014-09-18,1.0107029639350258
2014-09-19,1.0119047592944344
2014-09-22,1.0074168990210144
2014-09-23,1.0055420828263373
2014-09-24,1.0092191478701305
2014-09-25,1.0014862185972673
2014-09-26,1.0044119746069795
2014-09-29,1.0010282837462894
2014-09-30,1.0004982684127623
2014-10-01,0.9962441886094985
2014-10-02,0.993831203818408
2014-10-03,1.0006672262821066
2014-10-06,1.0028881924706465
2014-10-07,0.997969018788055
2014-10-08,1.0110959493100387
2014-10-09,0.9959138481654403
2014-10-10,0.9869085279303796
2014-10-13,0.9843564370681531
2014-10-14,0.9878436845540726
2014-10-15,0.9848255013487706
2014-10-16,0.9791415697184344
2014-10-17,0.9863744194812483
2014-10-20,0.9934017610562199
2014-10-21,1.0021926608008331
2014-10-22,0.9975008179272765
2014-10-23,1.0012338190490748
2014-10-24,1.0061142475815912
2014-10-27,1.0051180569879274
2014-10-28,1.011868808623636
2014-10-29,1.0095201221492096
2014-10-30,1.0137806441037442
2014-10-31,1.021087205136631
2014-11-03,1.018357883648293
2014-11-04,1.017370630563038
2014-11-05,1.0167770495608064
2014-11-06,1.0137625842661666
2014-11-07,1.0190324419908359
2014-11-10,1.0178304793934316
2014-11-11,1.019238671756145
2014-11-12,1.0181170980447112
2014-11-13,1.0182248068245887
2014-11-14,1.0207911768526283
2014-11-17,1.0166127559112141
2014-11-18,1.0217748597108225
2014-11-19,1.0163050880403317
2014-11-20,1.0194703968077046
2014-11-21,1.0279385392164246
2014-11-24,1.0311854835734546
2014-11-25,1.0339705320235204
2014-11-26,1.0392151283710587
2014-11-28,1.036857114632519
2014-12-01,1.0285671924285746
2014-12-02,1.0269412839840732
2014-12-03,1.0301342787227963
2014-12-04,1.0313875098713359
2014-12-05,1.0296433913966323
2014-12-08,1.027884148553378
2014-12-09,1.0295791786907482
2014-12-10,1.0205188261997722
2014-12-11,1.0215624560709553
2014-12-12,1.0150540574086757
2014-12-15,1.0082904839559805
2014-12-16,1.0080105224372393
2014-12-17,1.0191806311019396
2014-12-18,1.0287607437833362
2014-12-19,1.0335496442099967
2014-12-22,1.039268388753543
2014-12-23,1.0304131414789002
2014-12-24,1.0342737651560234
2014-12-26,1.0387042273950453
2014-12-29,1.0399232844146953
2014-12-30,1.0373164838897873
2014-12-31,1.0336267917038924
2015-01-02,1.034086567952386
2015-01-05,1.0271480923015663
2015-01-06,1.0252329447851452
2015-01-07,1.0348653324753267
2015-01-08,1.0421712885710017
2015-01-09,1.0412545896182204
2015-01-12,1.0388838766140494
2015-01-13,1.040627491992225
2015-01-14,1.0397234574706773
2015-01-15,1.0414324371926755
2015-01-16,1.0446759524868054
2015-01-20,1.0500524635298552
2015-01-21,1.0523648174722195
2015-01-22,1.0617475813559636
2015-01-23,1.0653122085245135
2015-01-26,1.068063991385431
2015-01-27,1.0615469416064343
2015-01-28,1.06005847372835
2015-01-29,1.064216154294741
2015-01-30,1.0608355982198114
2015-02-02,1.0688617511425138
2015-02-03,1.0727207092217168
2015-02-04,1.0705001864971948
2015-02-05,1.074879984969568
2015-02-06,1.0618210479744492
2015-02-09,1.0586474585381944
2015-02-10,1.0623174957722388
2015-02-11,1.0617321838428484
2015-02-12,1.0720439158318973
2015-02-13,1.0737496435954472
2015-02-17,1.0701423991798837
2015-02-18,1.0739890847807911
2015-02-19,1.0732146506760578
2015-02-20,1.0790018283734601
2015-02-23,1.0809918642167042
2015-02-24,1.089495850672686
2015-02-25,1.0901358843877793
2015-02-26,1.0860890074046503
2015-02-27,1.0865386480288992
2015-03-02,1.083059607942345
2015-03-03,1.0780055361364853
2015-03-04,1.0740400285299196
2015-03-05,1.0755398646054217
2015-03-06,1.0574810149967713
2015-03-09,1.0622172821937432
2015-03-10,1.051409949799216
2015-03-11,1.055425411291708
2015-03-12,1.063251633956395
2015-03-13,1.0570089259042676
2015-03-16,1.0672415671751536
2015-03-17,1.0702549852044378
2015-03-18,1.0894585723519603
2015-03-19,1.0823913904922495
2015-03-20,1.0935887453008404
2015-03-23,1.0947378765756284
2015-03-24,1.0953382332785229
2015-03-25,1.0798237378912756
2015-03-26,1.0711876743517006
2015-03-27,1.0775138366478598
2015-03-30,1.085920024446692
2015-03-31,1.080503206388908
2015-04-01,1.0847622191939434
2015-04-02,1.0867834272994723
2015-04-06,1.0925010676869313
2015-04-07,1.0923879634101346
2015-04-08,1.098458093873467
2015-04-09,1.0975327330975455
2015-04-10,1.1008668862545765
2015-04-13,1.098245642185538
2015-04-14,1.101460728931357
2015-04-15,1.1058631249797937
2015-04-16,1.1059658325260107
2015-04-17,1.0976281758308375
2015-04-20,1.1010474484340056
2015-04-21,1.1026832675733078
2015-04-22,1.101880213299511
2015-04-23,1.1064561964927986
2015-04-24,1.111279209615486
2015-04-27,1.109429497578555
2015-04-28,1.1069730987315665
2015-04-29,1.09638108589339
2015-04-30,1.086227624726265
2015-05-01,1.0897027899154976
2015-05-04,1.0894223856274523
2015-05-05,1.0795584733694226
2015-05-06,1.074254011068912
2015-05-07,1.078371362542871
2015-05-08,1.0896712441084364
2015-05-11,1.080553879107751
2015-05-12,1.0786489635513954
2015-05-13,1.0789500645952987
2015-05-14,1.088145951412474
2015-05-15,1.0934352864301362
2015-05-18,1.0905859722111158
2015-05-19,1.0873170639044263
2015-05-20,1.0882667035751872
2015-05-21,1.0926244932929083
2015-05-22,1.0907997510985152
2015-05-26,1.08511850549577
2015-05-27,1.0926293421805333
2015-05-28,1.0894783045975756
2015-05-29,1.0847705399611764
2015-06-01,1.082235860114263
2015-06-02,1.0791886179342867
2015-06-03,1.0787353477518962
2015-06-04,1.072635341735045
2015-06-05,1.066987223994196
2015-06-08,1.0615463520210209
2015-06-09,1.0561793802784
2015-06-10,1.0682190312261035
2015-06-11,1.0760549224170102
2015-06-12,1.069610418373146
2015-06-15,1.0646159980364138
2015-06-16,1.0707872880194163
2015-06-17,1.0702286851696219
2015-06-18,1.0804099996341363
2015-06-19,1.0804587156487881
2015-06-22,1.0844355754305663
2015-06-23,1.0851654388797238
2015-06-24,1.0800688112440557
2015-06-25,1.0772057762794156
2015-06-26,1.0707680244118947
2015-06-29,1.0532903098474509
2015-06-30,1.0547269001653665
2015-07-01,1.056911529333946
2015-07-02,1.0578301948047744
2015-07-06,1.0519277636459226
2015-07-07,1.05438228267252
2015-07-08,1.0343214281898674
2015-07-09,1.036844099477575
2015-07-10,1.0523371913298714
2015-07-13,1.0620657736287555
2015-07-14,1.0685094938822401
2015-07-15,1.0672515113684369
2015-07-16,1.0792209102818369
2015-07-17,1.0821085023151829
2015-07-20,1.079655958448367
2015-07-21,1.0784454705515871
2015-07-22,1.0737426090038966
2015-07-23,1.069717049987575
2015-07-24,1.0569412266533202
2015-07-27,1.0480188108168125
2015-07-28,1.057544817505206
2015-07-29,1.0623306063484643
2015-07-30,1.0635075451910316
2015-07-31,1.0698916558947773
2015-08-03,1.0660324885567025
2015-08-04,1.062302039425182
2015-08-05,1.0647565192099577
2015-08-06,1.053776612323381
2015-08-07,1.0537054356897713
2015-08-10,1.0661563828826572
2015-08-11,1.0542548055836716
2015-08-12,1.0493359234327495
2015-08-13,1.045690376829993
2015-08-14,1.0502379269506148
2015-08-17,1.0563295547679445
2015-08-18,1.0459598470943112
2015-08-19,1.0379037266798916
2015-08-20,1.0116859856113243
2015-08-21,0.9793841073582771
2015-08-24,0.9330670942239861
2015-08-25,0.9271096151664614
2015-08-26,0.9618294236077023
2015-08-27,0.9894238081626826
2015-08-28,0.9904366407972163
2015-08-31,0.9810925630431704
2015-09-01,0.9468683034691553
2015-09-02,0.9666471927277803
2015-09-03,0.968329425635663
2015-09-04,0.9519405331657271
2015-09-08,0.9785721464958774
2015-09-09,0.968665778112607
2015-09-10,0.9753798298422062
2015-09-11,0.9810628231230354
2015-09-14,0.9766083787806394
2015-09-15,0.9839210319278107
2015-09-16,0.9969526728567483
2015-09-17,1.0010700298144972
2015-09-18,0.9843309446930755
2015-09-21,0.981805130068428
2015-09-22,0.9661380094446286
2015-09-23,0.9613767136504018
2015-09-24,0.9589520577762548
2015-09-25,0.9526743223049191
2015-09-28,0.9278265234487884
2015-09-29,0.9263004624680915
2015-09-30,0.9479437712216526
2015-10-01,0.9513838803781134
2015-10-02,0.9729860575396251
2015-10-05,0.9922273476611214
2015-10-06,0.9893744969810612
2015-10-07,1.005191375603919
2015-10-08,1.0122831789745168
2015-10-09,1.015660740331758
2015-10-12,1.0167645296552656
2015-10-13,1.0043087593794187
2015-10-14,1.0040378877739495
2015-10-15,1.0256591361159813
2015-10-16,1.0278750640645604
2015-10-19,1.0270021117610202
2015-10-20,1.0225490296824462
2015-10-21,1.0152759329077323
2015-10-22,1.0344710285719265
2015-10-23,1.0482420939526702
2015-10-26,1.0449639396665678
2015-10-27,1.0385248416575381
2015-10-28,1.0497153404931578
2015-10-29,1.0383468418973356
2015-10-30,1.0364774174498648
2015-11-02,1.0519595405829427
2015-11-03,1.0536817722106535
2015-11-04,1.050300489198526
2015-11-05,1.0482437221379926
2015-11-06,1.0380889461455252
2015-11-09,1.0195826824569616
2015-11-10,1.0215359981853618
2015-11-11,1.0180393922217224
2015-11-12,1.0041019797683373
2015-11-13,0.99322865927587
2015-11-16,1.0089045611804814
2015-11-17,1.008855358929465
2015-11-18,1.0276653483077003
2015-11-19,1.0329257623662746
2015-11-20,1.0374427845740535
2015-11-23,1.0363168133435956
2015-11-24,1.039529418691871
2015-11-25,1.042275625025281
2015-11-27,1.0397264298032411
2015-11-30,1.0386858659224167
2015-12-01,1.0575538160017446
2015-12-02,1.0462505440103953
2015-12-03,1.022165440716019
2015-12-04,1.039004043027537
2015-12-07,1.0317156550300493
2015-12-08,1.0236080669048677
2015-12-09,1.0142746482873146
2015-12-10,1.0142163676079832
2015-12-11,0.9968750060813409
2015-12-14,0.9938811948835432
2015-12-15,1.0027923609072844
2015-12-16,1.0182697077555218
2015-12-17,1.0086816835153696
2015-12-18,0.9972405468711211
2015-12-21,1.0047605114214133
2015-12-22,1.0104835768756117
2015-12-23,1.0217085458372164
2015-12-24,1.0237259841699744
2015-12-28,1.0202711147995782
2015-12-29,1.0235610433725537
2015-12-30,1.0141201772975332
2015-12-31,1.0057999450308797
2016-01-04,0.987485284589941
2016-01-05,0.9874474534931734
2016-01-06,0.9788463343790965
2016-01-07,0.9543468144347477
2016-01-08,0.9443663051962186
2016-01-11,0.940341047081031
2016-01-12,0.9500140376164548
2016-01-13,0.9316430954137469
2016-01-14,0.9406684208255072
2016-01-15,0.9179585875649808
2016-01-19,0.916116037349798
2016-01-20,0.9103984824564098
2016-01-21,0.9097045155171675
2016-01-22,0.9333538441848652
2016-01-25,0.9185839045056448
2016-01-26,0.9340676759953334
2016-01-27,0.9216521893690688
2016-01-28,0.9286658494096023
2016-01-29,0.9570193840907074
2016-02-01,0.9515550668997029
2016-02-02,0.9487188956484809
2016-02-03,0.946150144134957
2016-02-04,0.9536715880175725
2016-02-05,0.9341967536444274
2016-02-08,0.9428999135484036
2016-02-09,0.9354875586387238
2016-02-10,0.9454879692222525
2016-02-11,0.9435442248480262
2016-02-12,0.9413402631340447
2016-02-16,0.948374000367911
2016-02-17,0.9590673371850278
2016-02-18,0.9696613670561436
2016-02-19,0.9708184408555809
2016-02-22,0.9857015661502261
2016-02-23,0.9768019847180842
2016-02-24,0.9792460258161438
2016-02-25,0.9947772311135719
2016-02-26,0.9838598701198285
2016-02-29,0.9849199191289547
2016-03-01,0.9900475383235026
2016-03-02,0.9989782509093507
2016-03-03,1.0091301392179293
2016-03-04,1.0146097805868277
2016-03-07,1.016895975001102
2016-03-08,1.0078074093629104
2016-03-09,1.0106883644357987
2016-03-10,1.0096622141599838
2016-03-11,1.028166075543937
2016-03-14,1.0281996398772288
2016-03-15,1.019253132169137
2016-03-16,1.0316152512467507
2016-03-17,1.0447444192470359
2016-03-18,1.050394765935924
2016-03-21,1.0481993371082563
2016-03-22,1.0463522688935
2016-03-23,1.0391278373696387
2016-03-24,1.0380181977497185
2016-03-28,1.0406600065112308
2016-03-29,1.061229602037644
2016-03-30,1.0630460800138348
2016-03-31,1.064827620622946
2016-04-01,1.0681165313213214
2016-04-04,1.064981728731376
2016-04-05,1.0590377909574482
2016-04-06,1.0661241871229539
2016-04-07,1.0602068979687924
2016-04-08,1.0642244683816326
2016-04-11,1.0642124511144855
2016-04-12,1.0689330116001314
2016-04-13,1.0810406308547467
2016-04-14,1.0799233552118388
2016-04-15,1.0822595409647648
2016-04-18,1.0864787341471067
2016-04-19,1.0915957391134228
2016-04-20,1.088366066703847
2016-04-21,1.083564606236564
2016-04-22,1.0825126785648287
2016-04-25,1.0780394563376787
2016-04-26,1.0794601160973831
2016-04-27,1.0846757929703996
2016-04-28,1.0782830551437952
2016-04-29,1.0756918448487727
2016-05-02,1.0778199446489434
2016-05-03,1.0701183374919399
2016-05-04,1.0633836622071065
2016-05-05,1.0649344452093596
2016-05-06,1.065517667257865
2016-05-09,1.0644183884059006
2016-05-10,1.0755304554093437
2016-05-11,1.0711504649486914
2016-05-12,1.0676478488353471
2016-05-13,1.0636219526506132
2016-05-16,1.0684912902543384
2016-05-17,1.0617797137343439
2016-05-18,1.0540360454359887
2016-05-19,1.051568283374216
2016-05-20,1.0590987222255592
2016-05-23,1.0581504583391594
2016-05-24,1.0672900055318835
2016-05-25,1.0737606455482747
2016-05-26,1.0780684401920864
2016-05-27,1.0795643546949834
2016-05-31,1.0804165406229354
2016-06-01,1.0824952575550595
2016-06-02,1.0882585925031707
2016-06-03,1.0978945712577908
2016-06-06,1.1000164129688197
2016-06-07,1.104632329040916
2016-06-08,1.1111485883243057
2016-06-09,1.1082768266714715
2016-06-10,1.0956041641685543
2016-06-13,1.0869317710980588
2016-06-14,1.0808772904940742
2016-06-15,1.0861549471000946
2016-06-16,1.0892609522352692
2016-06-17,1.08569256725628
2016-06-20,1.093214360520883
2016-06-21,1.0950660856784267
2016-06-22,1.0956620775851482
2016-06-23,1.1080606635042376
2016-06-24,1.0736878628136974
2016-06-27,1.0665415545212826
2016-06-28,1.0876417281294186
2016-06-29,1.1012262077506372
2016-06-30,1.115420217380914
2016-07-01,1.1246653529588564
2016-07-05,1.1183885767148796
2016-07-06,1.121912598220662
2016-07-07,1.1213324975858505
2016-07-08,1.1387565258586185
2016-07-11,1.142820852905207
2016-07-12,1.1449291403641961
2016-07-13,1.1480144034625335
2016-07-14,1.14932123373534
2016-07-15,1.1442264325885743
2016-07-18,1.1470521851360513
2016-07-19,1.144946265996407
2016-07-20,1.1492330722778232
2016-07-21,1.1473717249252353
2016-07-22,1.1509940744965312
2016-07-25,1.1484783275383943
2016-07-26,1.1509644782546156
2016-07-27,1.1577584046967022
2016-07-28,1.1569565545539136
2016-07-29,1.1645592440225956
2016-08-01,1.15819765888552
2016-08-02,1.1495072497518102
2016-08-03,1.1519968638776814
2016-08-04,1.1565718623278403
2016-08-05,1.1590162302032538
2016-08-08,1.1601249204223403
2016-08-09,1.1659370010493895
2016-08-10,1.166456935197436
2016-08-11,1.1673998456154693
2016-08-12,1.1701158253917763
2016-08-15,1.1708825407002719
2016-08-16,1.166624479817687
2016-08-17,1.168282802073448
2016-08-18,1.1721227364837696
2016-08-19,1.1686142406740292
2016-08-22,1.1705378905841661
2016-08-23,1.1725361507038299
2016-08-24,1.169289614449282
2016-08-25,1.167917000125894
2016-08-26,1.1640218460089204
2016-08-29,1.1710350525634639
2016-08-30,1.1690220034650216
2016-08-31,1.1665870522900152
2016-09-01,1.1685047149383518
2016-09-02,1.1714521149528936
2016-09-06,1.1780973324855628
2016-09-07,1.1779894131514796
2016-09-08,1.1712287801334418
2016-09-09,1.149472318507767
2016-09-12,1.1574229344740277
2016-09-13,1.1444545575542941
2016-09-14,1.1457407875803094
2016-09-15,1.152912999022351
2016-09-16,1.151990516638665
2016-09-19,1.152752377415405
2016-09-20,1.1541222021022555
2016-09-21,1.1664102552535447
2016-09-22,1.174697047044761
2016-09-23,1.1696281816704575
2016-09-26,1.165297490452292
2016-09-27,1.1720714391477922
2016-09-28,1.1754695135791828
2016-09-29,1.1686468362631817
2016-09-30,1.1712958245846068
2016-10-03,1.16903689475098
2016-10-04,1.162984157018691
2016-10-05,1.166003902631829
2016-10-06,1.1645073694931485
2016-10-07,1.162334305881743
2016-10-10,1.1663404267151143
2016-10-11,1.1540799287347472
2016-10-12,1.1541668574455015
2016-10-13,1.1519965994106793
2016-10-14,1.1486979304157747
2016-10-17,1.1489827382831845
2016-10-18,1.156428826004685
2016-10-19,1.1589031909000744
2016-10-20,1.1579920233125403
2016-10-21,1.1586780425546097
2016-10-24,1.1609401745291374
2016-10-25,1.1590604820589459
2016-10-26,1.1524767316492601
2016-10-27,1.145927659242052
2016-10-28,1.1429778148327523
2016-10-31,1.1450610545163964
2016-11-01,1.1393802919771123
2016-11-02,1.1349740935806
2016-11-03,1.1300438009134604
2016-11-04,1.1302231816695534
2016-11-07,1.143516412628997
2016-11-08,1.1450847611780324
2016-11-09,1.136801401044132
2016-11-10,1.1312891126980806
2016-11-11,1.1287653944876541
2016-11-14,1.1249983706266784
2016-11-15,1.1327080098881988
2016-11-16,1.1329288807653335
2016-11-17,1.1322959593197264
2016-11-18,1.127748458485207
2016-11-21,1.1337328151890436
2016-11-22,1.137993314585687
2016-11-23,1.1349446830585777
2016-11-25,1.1374771245287936
2016-11-28,1.1371861525233622
2016-11-29,1.140047603369227
2016-11-30,1.1336096793485089
2016-12-01,1.1245388972222226
2016-12-02,1.1283928794554365
2016-12-05,1.140794444082823
2016-12-06,1.147297174117018
2016-12-07,1.1669216042233588
2016-12-08,1.1699506629590477
2016-12-09,1.1715675103667655
2016-12-12,1.1649789727156807
2016-12-13,1.176721245305597
2016-12-14,1.1573673923981325
2016-12-15,1.1623898868867366
2016-12-16,1.158545232840018
2016-12-19,1.1640348182132414
2016-12-20,1.1691011401510596
2016-12-21,1.167096680922405
2016-12-22,1.1603416137360136
2016-12-23,1.1648731126211969
2016-12-27,1.1681986214840976
2016-12-28,1.1633260868107471
2016-12-29,1.1686083448123359
2016-12-30,1.1627653105361526
2017-01-03,1.1739427718386959
2017-01-04,1.1863801704711305
2017-01-05,1.1938360830228605
2017-01-06,1.191431742777559
2017-01-09,1.1912971897419635
2017-01-10,1.194177444530467
2017-01-11,1.200487529748939
2017-01-12,1.1986053036691173
2017-01-13,1.2010079600920183
2017-01-17,1.1986536054747836
2017-01-18,1.1943906828823476
2017-01-19,1.1880531089199846
2017-01-20,1.1930268903881884
2017-01-23,1.1977898850441158
2017-01-24,1.2038416694300789
2017-01-25,1.2122362104478985
2017-01-26,1.210504710475631
2017-01-27,1.2104221214615107
2017-01-30,1.1998321980885422
2017-01-31,1.2031123968572843
2017-02-01,1.2046141110638608
2017-02-02,1.204986642973935
2017-02-03,1.2131953713789336
2017-02-06,1.2111952500431258
2017-02-07,1.2120557882341947
2017-02-08,1.2174577431574944
2017-02-09,1.2215529841356711
2017-02-10,1.2270296281884603
2017-02-13,1.2317946491335836
2017-02-14,1.2323032777639003
2017-02-15,1.2380415288925481
2017-02-16,1.239213253384591
2017-02-17,1.241233767517888
2017-02-21,1.2485706358861772
2017-02-22,1.248575437787212
2017-02-23,1.248875944890938
2017-02-24,1.2494000053352965
2017-02-27,1.2499319485266347
2017-02-28,1.2442361333035357
2017-03-01,1.2558452779143288
2017-03-02,1.2442227416384173
2017-03-03,1.248653228436004
2017-03-06,1.2436471992288796
2017-03-07,1.2379858752960062
2017-03-08,1.2321804815011463
2017-03-09,1.2285470582404618
2017-03-10,1.237367350978163
2017-03-13,1.240009162948885
2017-03-14,1.2352613531648766
2017-03-15,1.2560723815143553
2017-03-16,1.2564769860646126
2017-03-17,1.2587772324305078
2017-03-20,1.2610383959277427
2017-03-21,1.246533539282102
2017-03-22,1.2519000692807971
2017-03-23,1.25192834390206
2017-03-24,1.2546231079383865
2017-03-27,1.2568700738392797
2017-03-28,1.2623563428639464
2017-03-29,1.267163035118823
2017-03-30,1.2657250726784806
2017-03-31,1.2642273968113258
2017-04-03,1.265657078129495
2017-04-04,1.2642738153484914
2017-04-05,1.2591360766758672
2017-04-06,1.2614934068748958
2017-04-07,1.2588331819666678
2017-04-10,1.259925990655115
2017-04-11,1.263743980738323
2017-04-12,1.2616914383189393
2017-04-13,1.2553276853894206
2017-04-17,1.2649699271743198
2017-04-18,1.2644482984286316
2017-04-19,1.260608831267354
2017-04-20,1.2711675614752782
2017-04-21,1.26991794499539
2017-04-24,1.287954331729036
2017-04-25,1.2938684452348426
2017-04-26,1.2944058364234956
2017-04-27,1.2969664228702795
2017-04-28,1.295445018026625
2017-05-01,1.299728492101706
2017-05-02,1.3043258862399256
2017-05-03,1.2998782454233384
2017-05-04,1.29902238278696
2017-05-05,1.3075198301765794
2017-05-08,1.3037573270332727
2017-05-09,1.3063379686643255
2017-05-10,1.3102120526535213
2017-05-11,1.3079920896593753
2017-05-12,1.3128670859794387
2017-05-15,1.3199674480214085
2017-05-16,1.3243135894434297
2017-05-17,1.303429635589457
2017-05-18,1.3058013363703433
2017-05-19,1.3180696549410091
2017-05-22,1.323540869424915
2017-05-23,1.3230372582734302
2017-05-24,1.328041348383489
2017-05-25,1.3338544425034897
2017-05-26,1.3348453691218811
2017-05-30,1.3339418534284926
2017-05-31,1.333305657171682
2017-06-01,1.3439957834773133
2017-06-02,1.3537880625030831
2017-06-05,1.3496238454607086
2017-06-06,1.3497317614229818
2017-06-07,1.3495470597759873
2017-06-08,1.3507246244158482
2017-06-09,1.3442956812208997
2017-06-12,1.341868293243286
2017-06-13,1.3472667421961442
2017-06-14,1.3506206933933402
2017-06-15,1.344633628465366
2017-06-16,1.345917253807136
2017-06-19,1.352720218603685
2017-06-20,1.3483978882402379
2017-06-21,1.350433935799479
2017-06-22,1.3520059201532366
2017-06-23,1.3548910842854243
2017-06-26,1.35710800348637
2017-06-27,1.3460444414804318
2017-06-28,1.3545517871093287
2017-06-29,1.3429982895113186
2017-06-30,1.3432140956522127
2017-07-03,1.3417248549616403
2017-07-05,1.3434683279091812
2017-07-06,1.3339176746104364
2017-07-07,1.336759616380675
2017-07-10,1.3397965613064524
2017-07-11,1.3422608907932185
2017-07-12,1.3531436226247857
2017-07-13,1.353170479267748
2017-07-14,1.359339167971156
2017-07-17,1.3596251414024731
2017-07-18,1.364130909679549
2017-07-19,1.3690963991264486
2017-07-20,1.37087912416352
2017-07-21,1.3710195814460397
2017-07-24,1.3704937703981237
2017-07-25,1.3669740507265709
2017-07-26,1.370440275794691
2017-07-27,1.3655936129631576
2017-07-28,1.3671613070535542
2017-07-31,1.3667973946670449
2017-08-01,1.3718774938527005
2017-08-02,1.3705151465867114
2017-08-03,1.37093688754073
2017-08-04,1.3698963441597984
2017-08-07,1.3725217602166442
2017-08-08,1.3677783575889608
2017-08-09,1.3663478323228246
2017-08-10,1.3538725442527093
2017-08-11,1.3560143857773166
2017-08-14,1.3632485142600759
2017-08-15,1.3610027774917934
2017-08-16,1.3658084739848526
2017-08-17,1.3554132123436464
2017-08-18,1.3562782842439394
2017-08-21,1.3575893449538698
2017-08-22,1.3643816942461073
2017-08-23,1.3662847898530917
2017-08-24,1.3643896778738653
2017-08-25,1.3685458679477196
2017-08-28,1.368931767278514
2017-08-29,1.3695158608586278
2017-08-30,1.3730124114236868
2017-08-31,1.3798696933148615
2017-09-01,1.3790328435188797
2017-09-05,1.3776113165486599
2017-09-06,1.378455976461919
2017-09-07,1.3844085345087784
2017-09-08,1.3808576634358487
2017-09-11,1.3856797327516754
2017-09-12,1.38657338124392
2017-09-13,1.3843203252970695
2017-09-14,1.385948942010489
2017-09-15,1.3885521534292957
2017-09-18,1.3890588091284437
2017-09-19,1.390485458942412
2017-09-20,1.389237112625828
2017-09-21,1.3873317281634447
2017-09-22,1.3888115976834874
2017-09-25,1.3867107431119206
2017-09-26,1.3863733189111693
2017-09-27,1.3862494876026472
2017-09-28,1.387347045072262
2017-09-29,1.3926922373968202
2017-10-02,1.3952866647480313
2017-10-03,1.4001299489807142
2017-10-04,1.3994366956096573
2017-10-05,1.4021789018927686
2017-10-06,1.4003317011880911
2017-10-09,1.4000427946234313
2017-10-10,1.4049503119303857
2017-10-11,1.406856577694554
2017-10-12,1.4067235405041574
2017-10-13,1.4123171824444591
2017-10-16,1.4120743056086726
2017-10-17,1.4109309771425171
2017-10-18,1.4109013943768287
2017-10-19,1.4096189943924733
2017-10-20,1.4091778933296906
2017-10-23,1.4055155237343435
2017-10-24,1.4047847608151363
2017-10-25,1.3995244612674282
2017-10-26,1.3981762487570777
2017-10-27,1.4096633171678346
2017-10-30,1.4102312650657929
2017-10-31,1.4137262498824354
2017-11-01,1.4152583942546266
2017-11-02,1.4169835868634406
2017-11-03,1.4187911112408258
2017-11-06,1.4221021923059827
2017-11-07,1.4191248340409488
2017-11-08,1.4204943338389031
2017-11-09,1.4149578826674294
2017-11-10,1.4086215266897562
2017-11-13,1.4082806924616695
2017-11-14,1.4072499077492764
2017-11-15,1.4071168652754877
2017-11-16,1.414731891066456
2017-11-17,1.4159054733668741
2017-11-20,1.418196939778885
2017-11-21,1.4276022915507225
2017-11-22,1.4305542374559963
2017-11-24,1.4320819068124653
2017-11-27,1.4279096370121234
2017-11-28,1.435573173271301
2017-11-29,1.4274701165073411
2017-11-30,1.4284210318075155
2017-12-01,1.4289512809754479
2017-12-04,1.4266818058419708
2017-12-05,1.42534294116852
2017-12-06,1.4246405546948306
2017-12-07,1.4258437109719253
2017-12-08,1.4299261704843407
2017-12-11,1.432787078870093
2017-12-12,1.4317757093875554
2017-12-13,1.4376452999936309
2017-12-14,1.434165866256024
2017-12-15,1.441222030771995
2017-12-18,1.4473548602775932
2017-12-19,1.4388705037759273
2017-12-20,1.4358786944502282
2017-12-21,1.4405996071600666
2017-12-22,1.4421479710697775
2017-12-26,1.442045711750297
2017-12-27,1.4470101363132697
2017-12-28,1.448779596963065
2017-12-29,1.4472124249728062
2018-01-02,1.4522021089658288
2018-01-03,1.4591018671123106
2018-01-04,1.4639201216971038
2018-01-05,1.4692215504688342
2018-01-08,1.470303017497195
2018-01-09,1.46727962751667
2018-01-10,1.4654130320049767
2018-01-11,1.4749263392646985
2018-01-12,1.4822649922880697
2018-01-16,1.4792693616402743
2018-01-17,1.4863880633150188
2018-01-18,1.4817491595049344
2018-01-19,1.4857649400176642
2018-01-22,1.4920534860750576
2018-01-23,1.4980953598864255
2018-01-24,1.4964169489135513
2018-01-25,1.4988392049647206
2018-01-26,1.5075123555793635
2018-01-29,1.4978054568891046
2018-01-30,1.4863375065220712
2018-01-31,1.488735093098079
2018-02-01,1.48262055238022
2018-02-02,1.4571035940391535
2018-02-05,1.4185316273785828
2018-02-06,1.4377265268562107
2018-02-07,1.4245621092477712
2018-02-08,1.3892126140541676
2018-02-09,1.398350756390146
2018-02-12,1.413179859956999
2018-02-13,1.4159048928884048
2018-02-14,1.4301600580251344
2018-02-15,1.445559972427652
2018-02-16,1.4482586217953386
2018-02-20,1.4387644941647049
2018-02-21,1.4315622377601496
2018-02-22,1.4340412058878504
2018-02-23,1.451840773565131
2018-02-26,1.462691420040348
2018-02-27,1.4446400000387378
2018-02-28,1.4355841036338484
2018-03-01,1.4243147120230062
2018-03-02,1.4331259633557254
2018-03-05,1.4438171201691257
2018-03-06,1.4537356803116475
2018-03-07,1.4568633071564523
2018-03-08,1.4616845265467235
2018-03-09,1.481942809029855
2018-03-12,1.4860060106537947
2018-03-13,1.47519405769394
2018-03-14,1.4755960926418945
2018-03-15,1.4728138821710637
2018-03-16,1.47333072285606
2018-03-19,1.4530081406489168
2018-03-20,1.4547180337812555
2018-03-21,1.456625605244211
2018-03-22,1.4236887813960306
2018-03-23,1.3939901537871457
2018-03-26,1.432114662159835
2018-03-27,1.4090206352335635
2018-03-28,1.4073030662514763
2018-03-29,1.4292854612646626
2018-04-02,1.3990458523023108
2018-04-03,1.4119222651852539
2018-04-04,1.4236223187402204
2018-04-05,1.4317613932573494
2018-04-06,1.409004922935868
2018-04-09,1.4159899349052876
2018-04-10,1.439800011897811
2018-04-11,1.4371300632895236
2018-04-12,1.4435133672347369
2018-04-13,1.4381871944278393
2018-04-16,1.446248595664125
2018-04-17,1.460605048864017
2018-04-18,1.4626031114883349
2018-04-19,1.4507743224264102
2018-04-20,1.4354168956320783
2018-04-23,1.431769168979727
2018-04-24,1.4164170221718277
2018-04-25,1.4121848542246473
2018-04-26,1.428989711303225
2018-04-27,1.4329447832553768
2018-04-30,1.423264500125656
2018-05-01,1.4238981280689043
2018-05-02,1.4192151750332542
2018-05-03,1.418266251219647
2018-05-04,1.433191536622811
2018-05-07,1.4365172312436363
2018-05-08,1.4389687416800114
2018-05-09,1.446255228892525
2018-05-10,1.4640416894204704
2018-05-11,1.4670602845399074
2018-05-14,1.4657637534595844
2018-05-15,1.4481608672157524
2018-05-16,1.4572340411236997
2018-05-17,1.452646805461114
2018-05-18,1.4508399577748479
2018-05-21,1.460568411821558
2018-05-22,1.456886558303209
2018-05-23,1.458830665060004
2018-05-24,1.458240005508343
2018-05-25,1.4580945294137597
2018-05-29,1.4455699229725723
2018-05-30,1.4608490094702817
2018-05-31,1.4535049263933617
2018-06-01,1.4670417981879667
2018-06-04,1.4735514063298232
2018-06-05,1.4744464147596683
2018-06-06,1.4848870436017843
2018-06-07,1.4782787383144675
2018-06-08,1.478851808824435
2018-06-11,1.4822506691877637
2018-06-12,1.481917661031959
2018-06-13,1.4782049097287289
2018-06-14,1.4835456591505145
2018-06-15,1.4779035035483798
2018-06-18,1.4720033793851643
2018-06-19,1.4648835710397379
2018-06-20,1.466836961079338
2018-06-21,1.4543913231122996
2018-06-22,1.4608686099920178
2018-06-25,1.4381074454487488
2018-06-26,1.4427996633971738
2018-06-27,1.4272740363617298
2018-06-28,1.434586155633882
2018-06-29,1.4409184148045673
2018-07-02,1.4384167647116406
2018-07-03,1.4380324253927106
2018-07-05,1.458315840079913
2018-07-06,1.4800509228272007
2018-07-09,1.499730528210959
2018-07-10,1.4983174128583203
2018-07-11,1.4771327226214737
2018-07-12,1.4990300670326668
2018-07-13,1.5004523845807938
2018-07-16,1.4939411493733314
2018-07-17,1.502958022744824
2018-07-18,1.5039931382185665
2018-07-19,1.5014726229901758
2018-07-20,1.5008364082025962
2018-07-23,1.498390309848746
2018-07-24,1.5052451184007125
2018-07-25,1.5252030218896593
2018-07-26,1.5161051095795985
2018-07-27,1.4992764570251425
2018-07-30,1.485671356491812
2018-07-31,1.5010153498622103
2018-08-01,1.4938663623206767
2018-08-02,1.500917311248836
2018-08-03,1.5074618232963375
2018-08-06,1.5116227407616671
2018-08-07,1.519981321843343
2018-08-08,1.518492339348835
2018-08-09,1.5183752110955004
2018-08-10,1.4976488106514942
2018-08-13,1.4860160045792603
2018-08-14,1.4988531258676954
2018-08-15,1.4717644202979425
2018-08-16,1.4873667531818022
2018-08-17,1.4973407195173911
2018-08-20,1.505303383685782
2018-08-21,1.5180058930075235
2018-08-22,1.5247291091620943
2018-08-23,1.5150252001994067
2018-08-24,1.5336380784396624
2018-08-27,1.5513269534573877
2018-08-28,1.548608137085294
2018-08-29,1.5619921940986061
2018-08-30,1.5481008757911503
2018-08-31,1.547332204190485
2018-09-04,1.5311098713152533
2018-09-05,1.5189694148900807
2018-09-06,1.5170789435208476
2018-09-07,1.506173251659607
2018-09-10,1.510615052108142
2018-09-11,1.510517998056708
2018-09-12,1.5146349649491802
2018-09-13,1.5262940090305412
2018-09-14,1.5250127306764554
2018-09-17,1.516892122008545
2018-09-18,1.5220406658568049
2018-09-19,1.523965376181295
2018-09-20,1.5408302488354626
2018-09-21,1.5401126355195407
2018-09-24,1.5319229808604724
2018-09-25,1.5350977131455723
2018-09-26,1.5375490102525105
2018-09-27,1.541076575014489
2018-09-28,1.5351827386587846
2018-10-01,1.531004319812158
2018-10-02,1.523373451242814
2018-10-03,1.5160527940015367
2018-10-04,1.486400729361378
2018-10-05,1.469169768862094
2018-10-08,1.463905703027073
2018-10-09,1.4654378532708308
2018-10-10,1.41015963737141
2018-10-11,1.3884423365581917
2018-10-12,1.4099941743255273
2018-10-15,1.4006864153411926
2018-10-16,1.4421679396778924
2018-10-17,1.4317042757456482
2018-10-18,1.400161156052902
2018-10-19,1.39877402932075
2018-10-22,1.3974987502532472
2018-10-23,1.3872282667803597
2018-10-24,1.3342930993906197
2018-10-25,1.3649316699599783
2018-10-26,1.343890709479503
2018-10-29,1.328141486026988
2018-10-30,1.351288935144748
2018-10-31,1.3650846839362485
2018-11-01,1.3946612121477688
2018-11-02,1.3786578772386413
2018-11-05,1.384240584322207
2018-11-06,1.3969669642389098
2018-11-07,1.4486281469985733
2018-11-08,1.431349693229094
2018-11-09,1.4029142283084008
2018-11-12,1.356936547682656
2018-11-13,1.3578087479406744
2018-11-14,1.3460000845054008
2018-11-15,1.3731724198900184
2018-11-16,1.3775184683663113
2018-11-19,1.3334893462756594
2018-11-20,1.2919510065671511
2018-11-21,1.3117936937487384
2018-11-23,1.2984974419586808
2018-11-26,1.3337089180620765
2018-11-27,1.3355899966653015
2018-11-28,1.3888238610144188
2018-11-29,1.3801309342184553
2018-11-30,1.389954855468291
2018-12-03,1.4261171463619842
2018-12-04,1.3350393025819725
2018-12-06,1.3336995394800701
2018-12-07,1.2717791890227232
2018-12-10,1.27674930376681
2018-12-11,1.2817845568469053
2018-12-12,1.3027639649270757
2018-12-13,1.298384516940187
2018-12-14,1.2507303426552403
2018-12-17,1.206071342236487
2018-12-18,1.2120463955077234
2018-12-19,1.1726837686431972
2018-12-20,1.1403721331011256
2018-12-21,1.089781833402586
2018-12-24,1.0407096063188088
2018-12-26,1.1373565598649138
2018-12-27,1.1494818979632737
2018-12-28,1.1556743437393366
2018-12-31,1.1734219600742646
2019-01-02,1.1799803658612305
2019-01-03,1.1307338148103008
2019-01-04,1.2063776779045012
2019-01-07,1.2268830872366632
2019-01-08,1.2503967093790684
2019-01-09,1.2718602596201276
2019-01-10,1.276883206384412
2019-01-11,1.2759600114328282
2019-01-14,1.253767063797495
2019-01-15,1.282122469169908
2019-01-16,1.2928656486330117
2019-01-17,1.313263112086922
2019-01-18,1.3420974048019376
2019-01-22,1.3045196489495565
2019-01-23,1.3125347348597198
2019-01-24,1.3262135456657123
2019-01-25,1.3524728411852454
2019-01-28,1.3292444335048539
2019-01-29,1.3270330259707381
2019-01-30,1.376450024953617
2019-01-31,1.4119978238285744
2019-02-01,1.4034220290715866
2019-02-04,1.4222493716907503
2019-02-05,1.4452688977274684
2019-02-06,1.4348430016806821
2019-02-07,1.4073211675402717
2019-02-08,1.4125747887854874
2019-02-11,1.410558164607418
2019-02-12,1.4467064910529495
2019-02-13,1.4467762345820816
2019-02-14,1.4495722102109379
2019-02-15,1.4794717511800048
2019-02-19,1.4892135790593637
2019-02-20,1.493775220448966
2019-02-21,1.4762989612954507
2019-02-22,1.5039995856555535
2019-02-25,1.5101701131352743
2019-02-26,1.51210371782168
2019-02-27,1.499296103743879
2019-02-28,1.487065177566299
2019-03-01,1.49895965668343
2019-03-04,1.4970326449177502
2019-03-05,1.4981609034091967
2019-03-06,1.4798730807141338
2019-03-07,1.4567596665951659
2019-03-08,1.4552379749745157
2019-03-11,1.501803393851943
2019-03-12,1.5198515806125112
2019-03-13,1.5355447761836027
2019-03-14,1.5236795277761104
2019-03-15,1.5541414062801742
2019-03-18,1.5665768210472002
2019-03-19,1.5670044255339446
2019-03-20,1.5785903994476682
2019-03-21,1.6154723520643661
2019-03-22,1.5603597336779336
2019-03-25,1.5647749700018942
2019-03-26,1.5860066988913124
2019-03-27,1.5767990832129481
2019-03-28,1.5923842753510626
2019-03-29,1.6108399147760415
2019-04-01,1.637083636175504
2019-04-02,1.6408163632883248
2019-04-03,1.6477894453770288
2019-04-04,1.6573121167944318
2019-04-05,1.6773241124032021
2019-04-08,1.6768749268742562
2019-04-09,1.6617522987079936
2019-04-10,1.6847457470618348
2019-04-11,1.6752491016112578
2019-04-12,1.6914985060998602
2019-04-15,1.6876109295883417
2019-04-16,1.6884875191517705
2019-04-17,1.6847749749711034
2019-04-18,1.6905240126514465
2019-04-22,1.686922452752455
2019-04-23,1.723035365393428
2019-04-24,1.7195521389437787
2019-04-25,1.7160822768918274
2019-04-26,1.7362573014451452
2019-04-29,1.7373909621663401
2019-04-30,1.733756936604043
2019-05-01,1.7116366591789933
2019-05-02,1.7079140857196977
2019-05-03,1.7231844270791778
2019-05-06,1.7169999606573594
2019-05-07,1.7014424752815163
2019-05-08,1.6971961064972887
2019-05-09,1.6930720580437923
2019-05-10,1.6973529560371425
2019-05-13,1.6725672070970696
2019-05-14,1.6827402036069707
2019-05-15,1.6911213734571864
2019-05-16,1.6954629173957938
2019-05-17,1.6865224827312313
2019-05-20,1.677623789149546
2019-05-21,1.6869013535349222
2019-05-22,1.6845482809932308
2019-05-23,1.6758140922712081
2019-05-24,1.6813586106353826
2019-05-28,1.6777817168694038
2019-05-29,1.6739861357889285
2019-05-30,1.681605474822196
2019-05-31,1.6761501679144488
2019-06-03,1.6775528357721834
2019-06-04,1.6902029306445037
2019-06-05,1.6899362485980431
2019-06-06,1.6953713254405882
2019-06-07,1.7110845112135928
2019-06-10,1.7119854790301408
2019-06-11,1.7154102487639171
2019-06-12,1.7120904146650209
2019-06-13,1.7180996166489282
2019-06-14,1.7134925343548344
2019-06-17,1.717164027823573
2019-06-18,1.736186161125175
2019-06-19,1.7452516480811724
2019-06-20,1.7584077565995635
2019-06-21,1.749325591923684
2019-06-24,1.7514181477935375
2019-06-25,1.741341869954153
2019-06-26,1.7401055631297067
2019-06-27,1.7519504442538971
2019-06-28,1.757743485043407
2019-07-01,1.7661115474064255
2019-07-02,1.7704258273822089
2019-07-03,1.7791943089901234
2019-07-05,1.7671318603305832
2019-07-08,1.760892847493075
2019-07-09,1.7593334210575469
2019-07-10,1.7638827677290694
2019-07-11,1.7558008764722608
2019-07-12,1.7600169656681006
2019-07-15,1.7632260344077082
2019-07-16,1.7585185573423372
2019-07-17,1.7607893908253744
2019-07-18,1.7653052167593002
2019-07-19,1.759180221769226
2019-07-22,1.763359689942104
2019-07-23,1.7671127025513642
2019-07-24,1.7749767551904838
2019-07-25,1.763811272741234
2019-07-26,1.7707654149590564
2019-07-29,1.7687518367205837
2019-07-30,1.765996590895525
2019-07-31,1.7599451747273303
2019-08-01,1.7620373957518154
2019-08-02,1.7549760909902796
2019-08-05,1.728971740088553
2019-08-06,1.746319208942757
2019-08-07,1.7490749076448815
2019-08-08,1.768276955997634
2019-08-09,1.7568345771018266
2019-08-12,1.7552406688270559
2019-08-13,1.767867105340631
2019-08-14,1.7465772660361558
2019-08-15,1.7543380301808735
2019-08-16,1.7688186066086005
2019-08-19,1.7725986358344923
2019-08-20,1.774057344277885
2019-08-21,1.781710686698744
2019-08-22,1.773920346176733
2019-08-23,1.7576400846825804
2019-08-26,1.7669182917244404
2019-08-27,1.7706155496015998
2019-08-28,1.775942870931552
2019-08-29,1.7867102873013658
2019-08-30,1.788129654179252
2019-09-03,1.7804237389573148
2019-09-04,1.7965605517964092
2019-09-05,1.7998881365192105
2019-09-06,1.805482197833262
2019-09-09,1.79848121295159
2019-09-10,1.7895512844971007
2019-09-11,1.7988403585540116
2019-09-12,1.800689569497693
2019-09-13,1.7899227956596238
2019-09-16,1.7922767354900317
2019-09-17,1.7979397140196418
2019-09-18,1.7988748729668491
2019-09-19,1.8016791583321117
2019-09-20,1.806240270424075
2019-09-23,1.8048803012338779
2019-09-24,1.8002807983803781
2019-09-25,1.7966730700696134
2019-09-26,1.7978852432269192
2019-09-27,1.7902415288963487
2019-09-30,1.798765857151957
2019-10-01,1.787860772843084
2019-10-02,1.7701353723023945
2019-10-03,1.7846634460452868
2019-10-04,1.8014606160733135
2019-10-07,1.7917986468711216
2019-10-08,1.7771026006863009
2019-10-09,1.7850474167297539
2019-10-10,1.7853051738818253
2019-10-11,1.7981248452020242
2019-10-14,1.7992697207453567
2019-10-15,1.8072102908205065
2019-10-16,1.808506143016653
2019-10-17,1.8138905128653129
2019-10-18,1.8095643992648651
2019-10-21,1.8148302046950324
2019-10-22,1.8144549468663256
2019-10-23,1.8184848944892966
2019-10-24,1.8224633087135675
2019-10-25,1.8253291084624566
2019-10-28,1.8286385638910296
2019-10-29,1.8248439813209714
2019-10-30,1.8347961491236833
2019-10-31,1.8389750095919384
2019-11-01,1.8520997517527413
2019-11-04,1.85361492525467
2019-11-05,1.8485042635758966
2019-11-06,1.8508585277288758
2019-11-07,1.846821930956859
2019-11-08,1.8444826938596652
2019-11-11,1.8415056994211796
2019-11-12,1.8427819116146817
2019-11-13,1.8420172795398808
2019-11-14,1.8470424302196202
2019-11-15,1.8551201967792204
2019-11-18,1.8560065386876605
2019-11-19,1.8602200821203292
2019-11-20,1.8575435773623603
2019-11-21,1.8519143108446823
2019-11-22,1.856013089930998
2019-11-25,1.8722317499214396
2019-11-26,1.8753227701871948
2019-11-27,1.8796507367666708
2019-11-29,1.8685037151694568
2019-12-02,1.8548344084030732
2019-12-03,1.8557046218150213
2019-12-04,1.8618517438499829
2019-12-05,1.8621046372202397
2019-12-06,1.8720642865727748
2019-12-09,1.8676810647449738
2019-12-10,1.8682767092850292
2019-12-11,1.8784322246093035
2019-12-12,1.8851652738899276
2019-12-13,1.8923486062858186
2019-12-16,1.9003872693414674
2019-12-17,1.901519035429848
2019-12-18,1.9011460617577753
2019-12-19,1.9054799543063252
2019-12-20,1.9087622847893186
2019-12-23,1.9109342927617756
2019-12-24,1.9117080426157922
2019-12-26,1.9195610753625274
2019-12-27,1.9206385185298018
2019-12-30,1.9133278101384708
2019-12-31,1.9128466828222939
2020-01-02,1.9304881164427878
2020-01-03,1.922237768702066
2020-01-06,1.9231461927112863
2020-01-07,1.9184413637249136
2020-01-08,1.9226497180651947
2020-01-09,1.9319457382269714
2020-01-10,1.9326397058037634
2020-01-13,1.9419394566605825
2020-01-14,1.942064332055877
2020-01-15,1.944621206727089
2020-01-16,1.9550664141409373
2020-01-17,1.9569535634738466
2020-01-21,1.950991094382689
2020-01-22,1.9547166519672659
2020-01-23,1.954746849371921
2020-01-24,1.9465304121600033
2020-01-27,1.9247215125374777
2020-01-28,1.9361144659603202
2020-01-29,1.939337227293247
2020-01-30,1.9381304002289603
2020-01-31,1.9179311010019822
2020-02-03,1.9286536490129025
2020-02-04,1.9461287255670199
2020-02-05,1.954820980337632
2020-02-06,1.9587117644135952
2020-02-07,1.9531607921730603
2020-02-10,1.9627422027561479
2020-02-11,1.967047364916786
2020-02-12,1.974634981502166
2020-02-13,1.971045394847562
2020-02-14,1.973116017103748
2020-02-18,1.9716533786682706
2020-02-19,1.9777630004865232
2020-02-20,1.9744521195188447
2020-02-21,1.9654302679394526
2020-02-24,1.9260780944652642
2020-02-25,1.8989474156294697
2020-02-26,1.8947863778320637
2020-02-27,1.850801713505467
2020-02-28,1.853884214650503
2020-03-02,1.8886271732004265
2020-03-03,1.8834525585010433
2020-03-04,1.9110762432754473
2020-03-05,1.8906121527891382
2020-03-06,1.8929098677303082
2020-03-09,1.8099673714195348
2020-03-10,1.82129245185333
2020-03-11,1.7440814246630583
2020-03-12,1.6272004338445212
2020-03-13,1.7063535487098296
2020-03-16,1.6145098214364488
2020-03-17,1.620715114892248
2020-03-18,1.5294581273032226
2020-03-19,1.5186795487155142
2020-03-20,1.5274990250293765
2020-03-23,1.5663381504243423
2020-03-24,1.6390157350784105
2020-03-25,1.6823359374206683
2020-03-26,1.726346985328008
2020-03-27,1.7004719009634377
2020-03-30,1.7270735059222657
2020-03-31,1.7176366576593731
2020-04-01,1.6697266769888603
2020-04-02,1.6990993086185477
2020-04-03,1.683065117360607
2020-04-06,1.7439661223511673
2020-04-07,1.7292395658668969
2020-04-08,1.7481203896678053
2020-04-09,1.7969384673579591
2020-04-13,1.7673607719396367
2020-04-14,1.7862710267279183
2020-04-15,1.814330061870706
2020-04-16,1.8348289145646328
2020-04-17,1.8364933895979572
2020-04-20,1.8349069294120668
2020-04-21,1.831259518166232
2020-04-22,1.8319139502385833
2020-04-23,1.8447074769176075
2020-04-24,1.859036166453909
2020-04-27,1.836612366655562
2020-04-28,1.8605855863203635
2020-04-29,1.8854278465611982
2020-04-30,1.8413719685444272
2020-05-01,1.8264869378788944
2020-05-04,1.8323181091797296
2020-05-05,1.8361457254767521
2020-05-06,1.814917579729263
2020-05-07,1.8424287759506108
2020-05-08,1.8532422824774446
2020-05-11,1.8428230386573745
2020-05-12,1.8345919882815962
2020-05-13,1.824398841003716
2020-05-14,1.843031984432993
2020-05-15,1.8484146614293553
2020-05-18,1.8781900161059835
2020-05-19,1.8701654085726205
2020-05-20,1.9048253717860733
2020-05-21,1.8957431976426347
2020-05-22,1.898454816635882
2020-05-26,1.9051290369063152
2020-05-27,1.9215628761293335
2020-05-28,1.9150918334278977
2020-05-29,1.933365373607463
2020-06-01,1.9414230620793835
2020-06-02,1.9540345234398395
2020-06-03,1.9633563118809707
2020-06-04,1.9432220929469188
2020-06-05,1.9725589236267063
2020-06-08,1.9919250364271779
2020-06-09,1.9921927577899965
2020-06-10,2.0079203551747677
2020-06-11,1.9391019995653345
2020-06-12,1.9546037288876115
2020-06-15,1.9776229279272421
2020-06-16,1.985173813346539
2020-06-17,1.986175380403135
2020-06-18,1.9956017880561963
2020-06-19,1.993329249419513
2020-06-22,2.006604457378109
2020-06-23,2.009028580804406
2020-06-24,1.9845229179509742
2020-06-25,2.001132868146139
2020-06-26,1.9826125653046514
2020-06-29,2.0013923857443845
2020-06-30,2.013889036750717
2020-07-01,2.0236125820377038
2020-07-02,2.0382570213938633
2020-07-06,2.0651713911586804
2020-07-07,2.060758524981984
2020-07-08,2.0724402902284584
2020-07-09,2.0845298923686535
2020-07-10,2.089336615504837
2020-07-13,2.0725312108146943
2020-07-14,2.092049200110216
2020-07-15,2.1044790945415333
2020-07-16,2.101057589971644
2020-07-17,2.1062895948183007
2020-07-20,2.128200766375507
2020-07-21,2.1307608549998354
2020-07-22,2.1387762976814253
2020-07-23,2.129937061792864
2020-07-24,2.117260731289036
2020-07-27,2.130127180712351
2020-07-28,2.1216381396605812
2020-07-29,2.1438417361377096
2020-07-30,2.1423606772246178
2020-07-31,2.1443889599247608
2020-08-03,2.159322959031398
2020-08-04,2.1753261439315756
2020-08-05,2.1804065764186973
2020-08-06,2.1934272274522324
2020-08-07,2.1821139038068216
2020-08-10,2.1815099569511136
2020-08-11,2.1616377265747917
2020-08-12,2.176010282136565
2020-08-13,2.1606560031285515
2020-08-14,2.1524072033717347
2020-08-17,2.165650505328389
2020-08-18,2.172278735343699
2020-08-19,2.15979019698414
2020-08-20,2.169332492096648
2020-08-21,2.1749528326024
2020-08-24,2.1856889114513383
2020-08-25,2.1842525101645247
2020-08-26,2.1923930667469347
2020-08-27,2.172717967988238
2020-08-28,2.18529468630826
2020-08-31,2.183785925485761
2020-09-01,2.2090903466785066
2020-09-02,2.2254237736432647
2020-09-03,2.190091183193409
2020-09-04,2.1697221845276804
2020-09-08,2.145679701559591
2020-09-09,2.1663818691386587
2020-09-10,2.1517682445322035
2020-09-11,2.1550563599380763
2020-09-14,2.1729001983221634
2020-09-15,2.1811915278001
2020-09-16,2.1774232346342335
2020-09-17,2.1714060429628814
2020-09-18,2.159256890688861
2020-09-21,2.144305113883936
2020-09-22,2.1505071657448953
2020-09-23,2.1234537546793257
2020-09-24,2.123553750590671
2020-09-25,2.135333638857578
2020-09-28,2.156281740330583
2020-09-29,2.1523394682682375
2020-09-30,2.154772206306809
2020-10-01,2.1680907178818103
2020-10-02,2.1557067344040304
2020-10-05,2.169588657344395
2020-10-06,2.159934228759136
2020-10-07,2.176599415926776
2020-10-08,2.1915424379512887
2020-10-09,2.2046986378812456
2020-10-12,2.2276363546040763
2020-10-13,2.2211990026541177
2020-10-14,2.2145535174786413
2020-10-15,2.2077665512292017
2020-10-16,2.2059763575171143
2020-10-19,2.19041420044377
2020-10-20,2.1919666575503727
2020-10-21,2.185924649432446
2020-10-22,2.185792158141964
2020-10-23,2.1967718600473347
2020-10-26,2.1792451153214096
2020-10-27,2.1826259984367633
2020-10-28,2.13742247556901
2020-10-29,2.144865706379631
2020-10-30,2.121219731620859
2020-11-02,2.1424432034674736
2020-11-03,2.16449493132306
2020-11-04,2.2127230786526426
2020-11-05,2.246095381564706
2020-11-06,2.2388337892634795
2020-11-09,2.2434830484792663
2020-11-10,2.2389336277250846
2020-11-11,2.2527422624956364
2020-11-12,2.2488779144898743
2020-11-13,2.2690738379497417
2020-11-16,2.2890033987766985
2020-11-17,2.2930565266147562
2020-11-18,2.2852844225179125
2020-11-19,2.2998230154080335
2020-11-20,2.3024087183542696
2020-11-23,2.308396946967857
2020-11-24,2.3232312612528254
2020-11-25,2.320203751995187
2020-11-27,2.3364164557271607
2020-11-30,2.318063887763317
2020-12-01,2.3304232063898938
2020-12-02,2.3254961642967027
2020-12-03,2.3382850017960095
2020-12-04,2.3413430786318603
2020-12-07,2.344198449142726
2020-12-08,2.350601683267808
2020-12-09,2.3343329183104586
2020-12-10,2.3503402236211133
2020-12-11,2.3476892823578304
2020-12-14,2.3448040291505485
2020-12-15,2.3637822461672617
2020-12-16,2.3653673377761417
2020-12-17,2.375733532853332
2020-12-18,2.3688728586865295
2020-12-21,2.3582775003390086
2020-12-22,2.3625228460427934
2020-12-23,2.3676997463951155
2020-12-24,2.373375208164339
2020-12-28,2.381350178750653
2020-12-29,2.383243659012905
2020-12-30,2.3930328630120923
2020-12-31,2.392909835722894
2021-01-04,2.380892311296642
2021-01-05,2.3938340431659495
2021-01-06,2.3870570852042072
2021-01-07,2.4019710970395685
2021-01-08,2.4160048090448716
2021-01-11,2.3966764896697077
2021-01-12,2.4069702185491106
2021-01-13,2.4201042289010766
2021-01-14,2.420011015284365
2021-01-15,2.405514747103245
2021-01-19,2.425574384660618
2021-01-20,2.4452553287627543
2021-01-21,2.439538825550288
2021-01-22,2.4367857193422404
2021-01-25,2.4511270208052767
2021-01-26,2.446418307698817
2021-01-27,2.409401417677908
2021-01-28,2.413439049558257
2021-01-29,2.3791651311627593
2021-02-01,2.4109161129474193
2021-02-02,2.4381160719409674
2021-02-03,2.4356415754725145
2021-02-04,2.45719228881576
2021-02-05,2.4678546890284347
2021-02-08,2.4963294630226063
2021-02-09,2.5044292634257603
2021-02-10,2.505311515350579
2021-02-11,2.511985051702513
2021-02-12,2.5136831212509403
2021-02-16,2.50090226925758
2021-02-17,2.5002163695107846
2021-02-18,2.4765073435204745
2021-02-19,2.4738157994508927
2021-02-22,2.431040034587519
2021-02-23,2.428947525619309
2021-02-24,2.446269565875791
2021-02-25,2.3598286834101048
2021-02-26,2.3705352651266085
2021-03-01,2.4285540607589606
2021-03-02,2.404235010420057
2021-03-03,2.3640911327847873
2021-03-04,2.3148094960194494
2021-03-05,2.346532451352966
2021-03-08,2.3089531172715065
2021-03-09,2.3694254317602335
2021-03-10,2.383955978941905
2021-03-11,2.421152370248951
2021-03-12,2.395001554271464
2021-03-15,2.411411584953203
2021-03-16,2.4074435991171548
2021-03-17,2.415970706645962
2021-03-18,2.3603515133766604
2021-03-19,2.3739797037381765
2021-03-22,2.391104500257148
2021-03-23,2.3618047913569282
2021-03-24,2.336300769204528
2021-03-25,2.3491981358140177
2021-03-26,2.387344875595133
2021-03-29,2.3658831160552256
2021-03-30,2.373712177433886
2021-03-31,2.386844592085263
2021-04-01,2.4295331631107593
2021-04-05,2.4529832695287106
2021-04-06,2.4554586306778776
2021-04-07,2.4421445700297086
2021-04-08,2.4662512128181002
2021-04-09,2.4683040992482614
2021-04-12,2.459934298885793
2021-04-13,2.478591222541186
2021-04-14,2.475138510751968
2021-04-15,2.511992341431705
2021-04-16,2.511331851555593
2021-04-19,2.4934601269399597
2021-04-20,2.466599208792935
2021-04-21,2.498144570226788
2021-04-22,2.48526061986188
2021-04-23,2.516541414047906
2021-04-26,2.5241106121026653
2021-04-27,2.5119582394925812
2021-04-28,2.516423379201492
2021-04-29,2.51737308674586
2021-04-30,2.4924942397086447
2021-05-03,2.503869842923783
2021-05-04,2.4771968366614785
2021-05-05,2.488043846826144
2021-05-06,2.5087441800926444
2021-05-07,2.5314828454223464
2021-05-10,2.4850756402563063
2021-05-11,2.4614392146839883
2021-05-12,2.3948839935646156
2021-05-13,2.4197748879418497
2021-05-14,2.473523954276974
2021-05-17,2.4662933687015007
2021-05-18,2.4585399871442637
2021-05-19,2.4447634421964946
2021-05-20,2.482552311654961
2021-05-21,2.4788389051218327
2021-05-24,2.5060533628059485
2021-05-25,2.5139753095059785
2021-05-26,2.524411217242111
2021-05-27,2.5234227725903646
2021-05-28,2.5301731891088104
2021-06-01,2.5435903317412323
2021-06-02,2.551360937420267
2021-06-03,2.5280825848211808
2021-06-04,2.565160689162301
2021-06-07,2.5683131450875707
2021-06-08,2.5769703941396305
2021-06-09,2.5781440358331253
2021-06-10,2.59556635871589
2021-06-11,2.6018315210530205
2021-06-14,2.601497702043057
2021-06-15,2.594424818903963
2021-06-16,2.5747905901472
2021-06-17,2.585836813134237
2021-06-18,2.5617598042983403
2021-06-21,2.5792652419574558
2021-06-22,2.5893360796527403
2021-06-23,2.585613189810942
2021-06-24,2.6105659296747885
2021-06-25,2.6110078346128844
2021-06-28,2.6197519474698834
2021-06-29,2.6217078314120292
2021-06-30,2.6168450035460302
2021-07-01,2.622375601957675
2021-07-02,2.6362117743385443
2021-07-06,2.6275843801737513
2021-07-07,2.637361196226066
2021-07-08,2.609529420670198
2021-07-09,2.6357278466077987
2021-07-12,2.6421429500010887
2021-07-13,2.6224650226453377
2021-07-14,2.631594997689072
2021-07-15,2.62672113360801
2021-07-16,2.602245838572754
2021-07-19,2.5810572334853292
2021-07-20,2.6080009990162236
2021-07-21,2.626414381976532
2021-07-22,2.6343875635837066
2021-07-23,2.6416091785614806
2021-07-26,2.6321488521711705
2021-07-27,2.6157971769091968
2021-07-28,2.6412714759730864
2021-07-29,2.6490738568787404
2021-07-30,2.63572452724283
2021-08-02,2.6453726455348705
2021-08-03,2.659532871453689
2021-08-04,2.656773887590599
2021-08-05,2.662063611816608
2021-08-06,2.640535446734724
2021-08-09,2.6346796940277404
2021-08-10,2.631059035166136
2021-08-11,2.638656214249657
2021-08-12,2.636717282748711
2021-08-13,2.6520487540371143
2021-08-16,2.645577054131042
2021-08-17,2.6199069429142288
2021-08-18,2.60840874564626
2021-08-19,2.6005210840326325
2021-08-20,2.615206486424378
2021-08-23,2.6427100109151715
2021-08-24,2.654074729051487
2021-08-25,2.650767844914317
2021-08-26,2.6361660653372057
2021-08-27,2.671356148576426
2021-08-30,2.680859833262729
2021-08-31,2.681725104438116
2021-09-01,2.6970574578866064
2021-09-02,2.7026428759085923
2021-09-03,2.6999957797245147
2021-09-07,2.6929675221877187
2021-09-08,2.687122958610125
2021-09-09,2.691613168571381
2021-09-10,2.6773190400100177
2021-09-13,2.6863773988029473
2021-09-14,2.682935541302885
2021-09-15,2.6901895034115264
2021-09-16,2.684155171073359
2021-09-17,2.6670486046172073
2021-09-20,2.640580186028815
2021-09-21,2.6457411226396874
2021-09-22,2.665171555410736
2021-09-23,2.670868020352718
2021-09-24,2.6602399814909763
2021-09-27,2.658977201966787
2021-09-28,2.6115987519679535
2021-09-29,2.608617149096402
2021-09-30,2.598886589988566
2021-10-01,2.6175845493194965
2021-10-04,2.590356137068626
2021-10-05,2.598650172728759
2021-10-06,2.6005026925543966
2021-10-07,2.611336541116105
2021-10-08,2.60077376584842
2021-10-11,2.5885119412709696
2021-10-12,2.598341176511162
2021-10-13,2.6201305950987086
2021-10-14,2.649573623935948
2021-10-15,2.6561078464074312
2021-10-18,2.6603564534803796
2021-10-19,2.6633528278765146
2021-10-20,2.662585587690121
2021-10-21,2.6609360380497176
2021-10-22,2.6664722496942193
2021-10-25,2.675631801074177
2021-10-26,2.682769827636067
2021-10-27,2.6870503543453026
2021-10-28,2.7024318231115254
2021-10-29,2.7001235741057656
2021-11-01,2.7093794451070066
2021-11-02,2.7149981588622962
2021-11-03,2.7249320082983326
2021-11-04,2.7390446603317855
2021-11-05,2.756956089161701
2021-11-08,2.757262946699954
2021-11-09,2.7570437725750354
2021-11-10,2.7217229270117618
2021-11-11,2.7278864855164384
2021-11-12,2.73566499504744
2021-11-15,2.721793823433797
2021-11-16,2.7235654826086004
2021-11-17,2.7236866066779912
2021-11-18,2.728456699155393
2021-11-19,2.730297747707469
2021-11-22,2.707376279604369
2021-11-23,2.6937523375360186
2021-11-24,2.70319449476127
2021-11-26,2.6731923448799724
2021-11-29,2.686526225524892
2021-11-30,2.670993181910886
2021-12-01,2.6546900925114634
2021-12-02,2.686072178608971
2021-12-03,2.6766410568067136
2021-12-06,2.686769008549091
2021-12-07,2.729603164869949
2021-12-08,2.7210934357042245
2021-12-09,2.7005415218972955
2021-12-10,2.712019297405799
2021-12-13,2.699907191114269
2021-12-14,2.6793054677567008
2021-12-15,2.7059037592425557
2021-12-16,2.682895213776738
2021-12-17,2.678083172283653
2021-12-20,2.6501726817527977
2021-12-21,2.688176223922148
2021-12-22,2.7118782877055136
2021-12-23,2.7194213736387565
2021-12-27,2.747729823838495
2021-12-28,2.739149658817991
2021-12-29,2.7272528261066427
2021-12-30,2.7343563468567433
2021-12-31,2.7267811818762033
2022-01-03,2.717314361258229
2022-01-04,2.7117053158926994
2022-01-05,2.6414183751313005
2022-01-06,2.6396985198181477
2022-01-07,2.6215250687063114
2022-01-10,2.6117509977003466
2022-01-11,2.652911502033368
2022-01-12,2.6632402059362255
2022-01-13,2.632183266208655
2022-01-14,2.6189487343973172
2022-01-18,2.543899446452142
2022-01-19,2.5279022385713756
2022-01-20,2.504192446270873
2022-01-21,2.4648090237637734
2022-01-24,2.4628061109016284
2022-01-25,2.4272275749681222
2022-01-26,2.400429850285545
2022-01-27,2.3860754205266628
2022-01-28,2.432368878969536
2022-01-31,2.4918472423916698
2022-02-01,2.513130368785229
2022-02-02,2.5445735919211585
2022-02-03,2.426562466080649
2022-02-04,2.432372252916097
2022-02-07,2.42555043489786
2022-02-08,2.4582677433027027
2022-02-09,2.5342969329190113
2022-02-10,2.436084256377664
2022-02-11,2.3659562320366274
2022-02-14,2.3369792261774553
2022-02-15,2.4071122440135104
2022-02-16,2.419103847474988
2022-02-17,2.329744680584936
2022-02-18,2.3068510477553352
2022-02-22,2.2595408508655868
2022-02-23,2.1769853948431686
2022-02-24,2.2270210112903124
2022-02-25,2.318138013698478
2022-02-28,2.3180657769505286
2022-03-01,2.2557521760202524
2022-03-02,2.296397057985546
2022-03-03,2.2633646347576724
2022-03-04,2.2144803041681547
2022-03-07,2.0776761034801075
2022-03-08,2.059366834174605
2022-03-09,2.171514426366365
2022-03-10,2.1279964960698474
2022-03-11,2.0748761532202273
2022-03-14,2.023781418271853
2022-03-15,2.1001029856623297
2022-03-16,2.2257836478960815
2022-03-17,2.276731215573172
2022-03-18,2.332877814656906
2022-03-21,2.2960404222577657
2022-03-22,2.3398114155398306
2022-03-23,2.296035016364427
2022-03-24,2.3514460145841376
2022-03-25,2.348234677995676
2022-03-28,2.3801608496200872
2022-03-29,2.4619531689814487
2022-03-30,2.4338931865974733
2022-03-31,2.3679020135199997
2022-04-01,2.3932844550827843
2022-04-04,2.4336062517824546
2022-04-05,2.3407617745594
2022-04-06,2.2793321020902635
2022-04-07,2.279471499617107
2022-04-08,2.248121812899068
2022-04-11,2.1753615225475547
2022-04-12,2.1623735014074277
2022-04-13,2.2178461646061423
2022-04-14,2.152336178825147
2022-04-18,2.1375274738030354
2022-04-19,2.177554907535472
2022-04-20,2.1858266994560562
2022-04-21,2.115283121771475
2022-04-22,2.032293483631102
2022-04-25,2.060737613742207
2022-04-26,1.9627588356450207
2022-04-27,1.9561406537917976
2022-04-28,2.0347075223617512
2022-04-29,1.9211622568363278
2022-05-02,1.931736298368517
2022-05-03,1.954172744148032
2022-05-04,2.04850863920553
2022-05-05,1.8972489448820888
2022-05-06,1.8555833286572114
2022-05-09,1.7595993173761424
2022-05-10,1.781757524892637
2022-05-11,1.7404873087049666
2022-05-12,1.7387911811722487
2022-05-13,1.8110148146003737
2022-05-16,1.7970454414465742
2022-05-17,1.854386315585287
2022-05-18,1.7530345300875416
2022-05-19,1.7539417397020653
2022-05-20,1.7629732392795368
2022-05-23,1.8012101317332583
2022-05-24,1.7850079151823053
2022-05-25,1.8202422460592493
2022-05-26,1.8774314953388667
2022-05-27,1.952984895155717
2022-05-31,1.9253485707845281
2022-06-01,1.895601380408326
2022-06-02,1.9625871585201364
2022-06-03,1.9043191734828158
2022-06-06,1.9033005230944815
2022-06-07,1.9366394155040734
2022-06-08,1.8977042854563095
2022-06-09,1.822329889978663
2022-06-10,1.730685757195238
2022-06-13,1.5941563432192134
2022-06-14,1.5812817152812584
2022-06-15,1.641816942355102
2022-06-16,1.5558367028287783
2022-06-17,1.568506583383602
2022-06-21,1.6116428967079837
2022-06-22,1.6152050746801596
2022-06-23,1.6453262574025864
2022-06-24,1.724404072069556
2022-06-27,1.7051745365428668
2022-06-28,1.6541283514612712
2022-06-29,1.6570464078268483
2022-06-30,1.6394658809411173
2022-07-01,1.6696860201515322
2022-07-05,1.6754269542161733
2022-07-06,1.6719173433420815
2022-07-07,1.7169240553524185
2022-07-08,1.7129631904781564
2022-07-11,1.6745299969859155
2022-07-12,1.6602201658651692
2022-07-13,1.661380192949444
2022-07-14,1.6427449681203437
2022-07-15,1.695883901336041
2022-07-18,1.6760474649107229
2022-07-19,1.75195756028191
2022-07-20,1.7705937841566668
2022-07-21,1.8164705761029003
2022-07-22,1.7964120420825087
2022-07-25,1.7907383631067852
2022-07-26,1.7527419961361135
2022-07-27,1.8363682967184014
2022-07-28,1.8745405234281565
2022-07-29,1.9154746388268649
2022-08-01,1.9207645685821928
2022-08-02,1.8829886577263895
2022-08-03,1.9451003165846625
2022-08-04,1.9528204308570378
2022-08-05,1.923561453015003
2022-08-08,1.9337968618217998
2022-08-09,1.9065968540397054
2022-08-10,1.9829649720009093
2022-08-11,1.9639694490758846
2022-08-12,2.02626255816892
2022-08-15,2.033595986092542
2022-08-16,2.0318910771564025
2022-08-17,1.9900111692804814
2022-08-18,1.9973083775719458
2022-08-19,1.9309455467268175
2022-08-22,1.8606487787321089
2022-08-23,1.8580711462533677
2022-08-24,1.8623323442761086
2022-08-25,1.9193735094297082
2022-08-26,1.8166086793159657
2022-08-29,1.7885671671062107
2022-08-30,1.7600079681291818
2022-08-31,1.732067585133177
2022-09-01,1.7134861745917263
2022-09-02,1.6877527665797032
2022-09-06,1.655839354232904
2022-09-07,1.7136891746185148
2022-09-08,1.7212518924771576
2022-09-09,1.7772994761954966
2022-09-12,1.8071383639232883
2022-09-13,1.677680562675737
2022-09-14,1.6949332274533588
2022-09-15,1.6598186917673527
2022-09-16,1.635114771695068
2022-09-19,1.6544601406535024
2022-09-20,1.6141802198309119
2022-09-21,1.5794732174101174
2022-09-22,1.5385867163873477
2022-09-23,1.486740821781061
2022-09-26,1.4473895888096846
2022-09-27,1.427182006759233
2022-09-28,1.4961605420623407
2022-09-29,1.4393178387659158
2022-09-30,1.4073058367214242
2022-10-03,1.475297099836161
2022-10-04,1.5571486515385886
2022-10-05,1.5398503751287085
2022-10-06,1.5115102679994288
2022-10-07,1.4355656489912436
2022-10-10,1.4080100943553542
2022-10-11,1.387883917461672
2022-10-12,1.3835656929680682
2022-10-13,1.4327082119893688
2022-10-14,1.372266195258147
2022-10-17,1.4352649932748414
2022-10-18,1.4604003588495877
2022-10-19,1.4264144464852766
2022-10-20,1.4033277985094161
2022-10-21,1.449558459713747
2022-10-24,1.4603283673156329
2022-10-25,1.5207885379028032
2022-10-26,1.5152704159019963
2022-10-27,1.49946588389654
2022-10-28,1.54885515899259
2022-10-31,1.5246748209909777
2022-11-01,1.528224170651254
2022-11-02,1.4624502974638405
2022-11-03,1.433326665707747
2022-11-04,1.4790273413355877
2022-11-07,1.4919017945526132
2022-11-08,1.5130617307219798
2022-11-09,1.4630186806612882
2022-11-10,1.6323867777600176
2022-11-11,1.6715558726762478
2022-11-14,1.6430158270364341
2022-11-15,1.6861777813613021
2022-11-16,1.6726966104137264
2022-11-17,1.6584782588242297
2022-11-18,1.6629685543556818
2022-11-21,1.6451655329240158
2022-11-22,1.6890324571355575
2022-11-23,1.7225376632642702
2022-11-25,1.720073947442068
2022-11-28,1.6751931482316265
2022-11-29,1.667015540422105
2022-11-30,1.7618414415571315
2022-12-01,1.7854278130059211
2022-12-02,1.791923685092705
2022-12-05,1.7314397906400811
2022-12-06,1.7007222909646083
2022-12-07,1.7094085984400018
2022-12-08,1.729402266534971
2022-12-09,1.6992243263396578
2022-12-12,1.727273534810716
2022-12-13,1.7633525469228246
2022-12-14,1.7508481364115187
2022-12-15,1.6775035292989735
2022-12-16,1.646385644659328
2022-12-19,1.6115911578995668
2022-12-20,1.6029225867844967
2022-12-21,1.6434747729013022
2022-12-22,1.6034302861581318
2022-12-23,1.6069953459461213
2022-12-27,1.5806140076461506
2022-12-28,1.5448695853765084
2022-12-29,1.6016116446715816
2022-12-30,1.583297340598179
2023-01-03,1.588556821765003
2023-01-04,1.6224191500848906
2023-01-05,1.5949674295570744
2023-01-06,1.6700118584838628
2023-01-09,1.6830356650016436
2023-01-10,1.695753866285609
2023-01-11,1.7375881777283197
2023-01-12,1.7767183554805612
2023-01-13,1.7866104164313594
2023-01-17,1.7827214253732702
2023-01-18,1.7682292518990637
2023-01-19,1.7484482545253937
2023-01-20,1.7867355575730588
2023-01-23,1.8169484435295589
2023-01-24,1.8215651016813628
2023-01-25,1.827346328766145
2023-01-26,1.852224255489009
2023-01-27,1.8590167889082905
2023-01-30,1.8161798266386622
2023-01-31,1.8609212302378173
2023-02-01,1.9120645098596343
2023-02-02,1.949733218017328
2023-02-03,1.9083510625462285
2023-02-06,1.8797576051363514
2023-02-07,1.9020886902278802
2023-02-08,1.8797349525066942
2023-02-09,1.8601012529090015
2023-02-10,1.8441150065023935
2023-02-13,1.874587724124466
2023-02-14,1.8778729903982445
2023-02-15,1.8781338554340932
2023-02-16,1.8453405299511627
2023-02-17,1.84201419242089
2023-02-21,1.7868755128830454
2023-02-22,1.788771315005072
2023-02-23,1.8094805672693823
2023-02-24,1.7697428123219705
2023-02-27,1.783656355572902
2023-02-28,1.778505338246934
2023-03-01,1.772934028108395
2023-03-02,1.783996213071489
2023-03-03,1.8464103070930449
2023-03-06,1.8284459769519437
2023-03-07,1.7825604161972286
2023-03-08,1.7936106335565034
2023-03-09,1.7400620475228346
2023-03-10,1.7106804099177113
2023-03-13,1.6987318102984141
2023-03-14,1.739626685954928
2023-03-15,1.703532811120233
2023-03-16,1.7539036238838677
2023-03-17,1.7205948433866505
2023-03-20,1.7479739924985125
2023-03-21,1.7936915736459875
2023-03-22,1.7624230347758962
2023-03-23,1.7746200441650133
2023-03-24,1.7849347338326684
2023-03-27,1.7829785321078626
2023-03-28,1.7820277850631057
2023-03-29,1.8236795809980002
2023-03-30,1.8497027810623012
2023-03-31,1.8959385566415556
2023-04-03,1.909477843324479
2023-04-04,1.9055111137296157
2023-04-05,1.9004886306991222
2023-04-06,1.9059029320158594
2023-04-10,1.9025540941846109
2023-04-11,1.9059710643831256
2023-04-12,1.900370326847848
2023-04-13,1.916954242706703
2023-04-14,1.9077770898205695
2023-04-17,1.9066860821580414
2023-04-18,1.909520603915269
2023-04-19,1.9035522766646866
2023-04-20,1.9027257852842072
2023-04-21,1.9012246236127501
2023-04-24,1.905206077473532
2023-04-25,1.8882153048038786
2023-04-26,1.883426022282551
2023-04-27,1.9002265541306937
2023-04-28,1.914062317981898
2023-05-01,1.8984292289974705
2023-05-02,1.8945712874871614
2023-05-03,1.8941609962758634
2023-05-04,1.8869382301635418
2023-05-05,1.9083885128618772
2023-05-08,1.9018765970927165
2023-05-09,1.8941874300128296
2023-05-10,1.9046487396078642
2023-05-11,1.9059676919588597
2023-05-12,1.8950520290906632
2023-05-15,1.90276118053015
2023-05-16,1.8896724552973465
2023-05-17,1.9028570082668772
2023-05-18,1.9055410336190752
2023-05-19,1.9030683619350917
2023-05-22,1.908009584294039
2023-05-23,1.8928333138631945
2023-05-24,1.877264760959116
2023-05-25,1.8808771970292015
2023-05-26,1.9056181990663457
2023-05-30,1.9054606753115706
2023-05-31,1.8979817639237173
2023-06-01,1.91841639959328
2023-06-02,1.9371546687488521
2023-06-05,1.9305469435268505
2023-06-06,1.944272410763527
2023-06-07,1.930427094948993
2023-06-08,1.9463599586348015
2023-06-09,1.9453670895364679
2023-06-12,1.9576522601794575
2023-06-13,1.9652271735890274
2023-06-14,1.9722890740734842
2023-06-15,1.9941854855321577
2023-06-16,1.9860905846857029
2023-06-20,1.9766083200940825
2023-06-21,1.9700600586718904
2023-06-22,1.9638493647753947
2023-06-23,1.9504763666747431
2023-06-26,1.9482688918846238
2023-06-27,1.9635838453421268
2023-06-28,1.966992582506345
2023-06-29,1.9595254697122644
2023-06-30,1.9812031165459008
2023-07-03,1.9826395255246694
2023-07-05,1.9697662467121737
2023-07-06,1.9442432347121992
2023-07-07,1.9479767746847336
2023-07-10,1.9558473249367139
2023-07-11,1.969432345530981
2023-07-12,1.9948043393567505
2023-07-13,2.0166144212178714
2023-07-14,2.0061811472135664
2023-07-17,2.0123658766377894
2023-07-18,2.0214247049009946
2023-07-19,2.0276667040133094
2023-07-20,2.008951085083084
2023-07-21,2.008768174880706
2023-07-24,2.012344047136772
2023-07-25,2.0159813493364487
2023-07-26,2.0216085032846522
2023-07-27,2.0020203098967038
2023-07-28,2.024386904155188
2023-07-31,2.0295676904629754
2023-08-01,2.010984137995285
2023-08-02,1.9692811620527828
2023-08-03,1.9569070081401723
2023-08-04,1.9618140300549411
2023-08-07,1.9693044711501015
2023-08-08,1.9598795943955252
2023-08-09,1.952354217661241
2023-08-10,1.9470337180470256
2023-08-11,1.9350959452778418
2023-08-14,1.9372957021379305
2023-08-15,1.9105989573830697
2023-08-16,1.8893101082135084
2023-08-17,1.8738858290233404
2023-08-18,1.8755681515487546
2023-08-21,1.8805602169871618
2023-08-22,1.8794452851567964
2023-08-23,1.914970907034632
2023-08-24,1.8862303608010382
2023-08-25,1.8978193827046814
2023-08-28,1.9154678768210323
2023-08-29,1.9500604271804851
2023-08-30,1.9531741391454374
2023-08-31,1.9488927136248446
2023-09-01,1.9498095850848647
2023-09-05,1.9311160338137006
2023-09-06,1.9233253808622466
2023-09-07,1.916290950327616
2023-09-08,1.917895524226832
2023-09-11,1.927801136629896
2023-09-12,1.9218217965727353
2023-09-13,1.9210151585361102
2023-09-14,1.9336034378511335
2023-09-15,1.9179266478095942
2023-09-18,1.917309167144179
2023-09-19,1.9104833740218814
2023-09-20,1.8997254657930125
2023-09-21,1.864938407415821
2023-09-22,1.8710939945633296
2023-09-25,1.8628828963564612
2023-09-26,1.840963376256456
2023-09-27,1.8408689852929563
2023-09-28,1.8519156455314136
2023-09-29,1.848328173607831
2023-10-02,1.8321188205370889
2023-10-03,1.7835161985095125
2023-10-04,1.8076342238024192
2023-10-05,1.8071366064364935
2023-10-06,1.8374401963823406
2023-10-09,1.8586964911369055
2023-10-10,1.8791488077744463
2023-10-11,1.8988636187742356
2023-10-12,1.8669088334525672
2023-10-13,1.8523704328324402
2023-10-16,1.874246389573091
2023-10-17,1.8683852696509835
2023-10-18,1.8236188978198267
2023-10-19,1.7910220908270629
2023-10-20,1.7611976468566746
2023-10-23,1.7650808950743586
2023-10-24,1.7918684061202528
2023-10-25,1.7407871031866013
2023-10-26,1.7186410230062825
2023-10-27,1.7116485262533234
2023-10-30,1.7367364620519823
2023-10-31,1.7469242760245183
2023-11-01,1.7868135245042636
2023-11-02,1.847056623683735
2023-11-03,1.8849992082942628
2023-11-06,1.8832375530165013
2023-11-07,1.8973933973458514
2023-11-08,1.8998060214992796
2023-11-09,1.868672473084942
2023-11-10,1.9128049750955662
2023-11-13,1.9095992222788614
2023-11-14,1.9903404607306319
2023-11-15,1.9898486710448953
2023-11-16,1.991315258194689
2023-11-17,2.004061050760148
2023-11-20,2.032776493175686
2023-11-21,2.018503608923684
2023-11-22,2.0313180360322445
2023-11-24,2.0301807472152986
2023-11-27,2.03202128861294
2023-11-28,2.0389451497642654
2023-11-29,2.0449136814773
2023-11-30,2.0435156645386985
2023-12-01,2.075840848758341
2023-12-04,2.0637098021344378
2023-12-05,2.06694513606367
2023-12-06,2.06896595394487
2023-12-07,2.0796994394847763
2023-12-08,2.0795187504445956
2023-12-11,2.086293484290684
2023-12-12,2.094315678953062
2023-12-13,2.13374337451289
2023-12-14,2.1608718771164903
2023-12-15,2.1534986520797648
2023-12-18,2.154453898610707
2023-12-19,2.1712614471979603
2023-12-20,2.149168847475862
2023-12-21,2.1714873668680457
2023-12-22,2.1716152904633543
2023-12-26,2.184614495565302
2023-12-27,2.2001282493135172
2023-12-28,2.1977974461169336
2023-12-29,2.187361478443932
2024-01-02,2.165048493482411
2024-01-03,2.1475949120760243
2024-01-04,2.1374262546776426
2024-01-05,2.134316242768538
2024-01-08,2.161873723822714
2024-01-09,2.1508708723757533
2024-01-10,2.1555101485672377
2024-01-11,2.159923406186648
2024-01-12,2.1633613836297956
2024-01-16,2.135058693452886
2024-01-17,2.119424181186757
2024-01-18,2.1317519378734833
2024-01-19,2.1510302743058274
2024-01-22,2.1579992833011445
2024-01-23,2.1579869250336086
2024-01-24,2.162763973739076
2024-01-25,2.1736067447025103
2024-01-26,2.1712766659068166
2024-01-29,2.189209352237194
2024-01-30,2.1855024974127533
2024-01-31,2.1666990041103835
2024-02-01,2.1946162951622132
2024-02-02,2.189378733374774
2024-02-05,2.1726654764753115
2024-02-06,2.19072673261446
2024-02-07,2.1950113355855443
2024-02-08,2.192189533899903
2024-02-09,2.20323577543646
2024-02-12,2.2091916805400853
2024-02-13,2.165879879597507
2024-02-14,2.1914205001902456
2024-02-15,2.210566453551221
2024-02-16,2.201186101839837
2024-02-20,2.1973498932604816
2024-02-21,2.1931556130634733
2024-02-22,2.2243991778368333
2024-02-23,2.2296892848463816
2024-02-26,2.224550701895558
2024-02-27,2.2283916190476782
2024-02-28,2.2189299844077532
2024-02-29,2.2286440580659104
2024-03-01,2.25342521855674
2024-03-04,2.2483190112480087
2024-03-05,2.2408712450622637
2024-03-06,2.2572324039666194
2024-03-07,2.2739875512680743
2024-03-08,2.266234269146288
2024-03-11,2.2618558459551
2024-03-12,2.272162776758161
2024-03-13,2.2675249224061607
2024-03-14,2.2509409498981956
2024-03-15,2.2438278191236782
2024-03-18,2.24648240168431
2024-03-19,2.2514506867493145
2024-03-20,2.269957200026796
2024-03-21,2.276129149656219
2024-03-22,2.2744674777988747
2024-03-25,2.2692351674795037
2024-03-26,2.26807129932423
2024-03-27,2.2850299786093426
2024-03-28,2.284555771748258
2024-04-01,2.2719725587131365
2024-04-02,2.259973644678415
2024-04-03,2.2647655511212306
2024-04-04,2.2529006931100226
2024-04-05,2.2559812987897634
2024-04-08,2.260949373674327
2024-04-09,2.2701621358660633
2024-04-10,2.2369352821193442
2024-04-11,2.2452718076363953
2024-04-12,2.2230760723683343
2024-04-15,2.1991098323590434
2024-04-16,2.1870768601874606
2024-04-17,2.1858244184798985
2024-04-18,2.181373172852058
2024-04-19,2.174142419371039
2024-04-22,2.189830197709506
2024-04-23,2.20787692303555
2024-04-24,2.2041064776512367
2024-04-25,2.1960452354747733
2024-04-26,2.214349243777312
2024-04-29,2.2266263132392616
2024-04-30,2.1988257390809522
2024-05-01,2.199828998007467
2024-05-02,2.2257659689198923
2024-05-03,2.2492179479342616
2024-05-06,2.26303190102085
2024-05-07,2.2652797070315143
2024-05-08,2.260478128128711
2024-05-09,2.2708363131672598
2024-05-10,2.2681778994227653
2024-05-13,2.272356199670604
2024-05-14,2.2849760739938922
2024-05-15,2.311360539218926
2024-05-16,2.3062299963972115
2024-05-17,2.305883846283882
2024-05-20,2.3063579522493938
2024-05-21,2.3075891278785403
2024-05-22,2.3000521325396575
2024-05-23,2.2848542068283204
2024-05-24,2.297643101598917
2024-05-28,2.2901561923890252
2024-05-29,2.2664331568644647
2024-05-30,2.2721025212651043
2024-05-31,2.2814258360547575
2024-06-03,2.29479350314389
2024-06-04,2.2938464512185526
2024-06-05,2.317692358735416
2024-06-06,2.317890001690453
2024-06-07,2.2971134535428357
2024-06-10,2.298470237649865
2024-06-11,2.300659757004201
2024-06-12,2.3228925642029816
2024-06-13,2.3241799767162963
2024-06-14,2.3215447967264238
2024-06-17,2.3272588324376855
2024-06-18,2.338041370512071
2024-06-20,2.330066036467823
2024-06-21,2.3260320134346197
2024-06-24,2.3274888837467116
2024-06-25,2.331475341622692
2024-06-26,2.321417115179226
2024-06-27,2.327640694902313
2024-06-28,2.317865518359407
2024-07-01,2.310607579926935
2024-07-02,2.3299267462531397
2024-07-03,2.3597875897990765
2024-07-05,2.379600889364905
2024-07-08,2.3808890971867487
2024-07-09,2.3784297323416084
2024-07-10,2.4070796021917307
2024-07-11,2.4092741343515853
2024-07-12,2.4318302632956725
2024-07-15,2.42155876479518
2024-07-16,2.447943362209367
2024-07-17,2.407855967257279
2024-07-18,2.3792053241347295
2024-07-19,2.355924991780656
2024-07-22,2.384093151097499
2024-07-23,2.374529798829641
2024-07-24,2.313187249415531
2024-07-25,2.3056420755846747
2024-07-26,2.3404191006066837
2024-07-29,2.3375664904454974
2024-07-30,2.3286979246376007
2024-07-31,2.3822839870302297
2024-08-01,2.330280923794161
2024-08-02,2.316068740414854
2024-08-05,2.276189589369816
2024-08-06,2.276032928939212
2024-08-07,2.267336899247559
2024-08-08,2.298078150026682
2024-08-09,2.309230329243205
2024-08-12,2.31112038482876
2024-08-13,2.3412494488241116
2024-08-14,2.3451855624833335
2024-08-15,2.3660300100953418
2024-08-16,2.376014398273481
2024-08-19,2.3950869231464043
2024-08-20,2.3919941411880044
2024-08-21,2.402951876166944
2024-08-22,2.3828601377452374
2024-08-23,2.412879406574209
2024-08-26,2.403994173876429
2024-08-27,2.404466620704672
2024-08-28,2.393286685970768
2024-08-29,2.3937986244598046
2024-08-30,2.3978387828939263
2024-09-03,2.3714006280000963
2024-09-04,2.3768158676006848
2024-09-05,2.381027601330672
2024-09-06,2.3541955537583434
2024-09-09,2.3695864321459896
2024-09-10,2.374206220040251
2024-09-11,2.386939062882758
2024-09-12,2.3974907044599685
2024-09-13,2.4103450320280206
2024-09-16,2.4202479508054244
2024-09-17,2.419282161877239
2024-09-18,2.408385511671332
2024-09-19,2.4360392430945823
2024-09-20,2.428489398488718
2024-09-23,2.4310970367825497
2024-09-24,2.4472090772244086
2024-09-25,2.432125538167705
2024-09-26,2.4554865929988834
2024-09-27,2.457196948416836
2024-09-30,2.4500575414212307
2024-10-01,2.4468858117262062
2024-10-02,2.4464039490452234
2024-10-03,2.429841358764264
2024-10-04,2.4327345107307576
2024-10-07,2.4197454347113094
2024-10-08,2.421442980472153
2024-10-09,2.4205909409155897
2024-10-10,2.416587889689595
2024-10-11,2.4242437077392975
2024-10-14,2.430013233031468
2024-10-15,2.423388757499661
2024-10-16,2.434658146392176
2024-10-17,2.422033843867007
2024-10-18,2.427858515780529
2024-10-21,2.4047441243605423
2024-10-22,2.4021621015532113
2024-10-23,2.3864930618959366
2024-10-24,2.395178904819225
2024-10-25,2.39044665219729
2024-10-28,2.396247762343869
2024-10-29,2.39776219232764
2024-10-30,2.390824125236176
2024-10-31,2.3723917129450127
2024-11-01,2.3674630367421834
2024-11-04,2.3793933701674326
2024-11-05,2.4019252034633176
2024-11-06,2.4051672692495463
2024-11-07,2.4332723428982805
2024-11-08,2.4338940611615816
2024-11-11,2.432682575136028
2024-11-12,2.4051017744616274
2024-11-13,2.3933584123974385
2024-11-14,2.3878118684335674
2024-11-15,2.3729641427676693
2024-11-18,2.3824984853691826
2024-11-19,2.3897321465516352
2024-11-20,2.386079885756107
2024-11-21,2.3906002239046544
2024-11-22,2.3982385633305907
2024-11-25,2.4230651983822935
2024-11-26,2.4184697535234343
2024-11-27,2.4230355576421116
2024-11-29,2.4407658958596232
2024-12-02,2.447418646627183
2024-12-03,2.44337282019259
2024-12-04,2.4597755380270607
2024-12-05,2.4589566426543548
2024-12-06,2.4655110302638596
2024-12-09,2.459407855560866
2024-12-10,2.4454313308853117
2024-12-11,2.453839865463118
2024-12-12,2.4330614932364845
2024-12-13,2.425297994990557
2024-12-16,2.433071915407535
2024-12-17,2.4265085420217347
2024-12-18,2.361548536716618
2024-12-19,2.3495798696545918
2024-12-20,2.3652178847437457
2024-12-23,2.368681705280981
2024-12-24,2.3860103629092375
2024-12-26,2.3893743071580653
2024-12-27,2.3688517268250417
2024-12-30,2.3591644659075026
2024-12-31,2.350515383443092
2025-01-02,2.3482314619683438
2025-01-03,2.368079459135518
2025-01-06,2.3762959982800207
2025-01-07,2.348222189236293
2025-01-08,2.347881597907806
2025-01-10,2.3074635661505307
2025-01-13,2.3021577623176785
2025-01-14,2.310958401203563
2025-01-15,2.3627295030150153
2025-01-16,2.363608980108448
2025-01-17,2.383123881514197
2025-01-21,2.4159432105206284
2025-01-22,2.4170049415024675
2025-01-23,2.4217574581562373
2025-01-24,2.42368831132895
2025-01-27,2.405191752384184
2025-01-28,2.4172051779945227
2025-01-29,2.410812633347926
2025-01-30,2.43119979268912
2025-01-31,2.4123243159175356
2025-02-03,2.3991045235763053
2025-02-04,2.4222496835096945
2025-02-05,2.44210143614472
2025-02-06,2.4461799970878166
2025-02-07,2.4260706589590892
2025-02-10,2.4395740958114778
2025-02-11,2.4343745282734686
2025-02-12,2.4255876357847432
2025-02-13,2.455764253541084
2025-02-14,2.464972603699824
2025-02-18,2.466185715779352
2025-02-19,2.462259985481582
2025-02-20,2.46536286273339
2025-02-21,2.448488524298533
2025-02-24,2.4386231169836825
2025-02-25,2.4480125796417114
2025-02-26,2.4570660971092755
2025-02-27,2.4212403174123156
2025-02-28,2.438284251693303
2025-03-03,2.423495236076027
2025-03-04,2.4107661671831395
2025-03-05,2.438527456701802
2025-03-06,2.408021751866415
2025-03-07,2.41753973714386
2025-03-10,2.3755144075026506
2025-03-11,2.3649940542355123
2025-03-12,2.3715140952752822
2025-03-13,2.3585898044760425
2025-03-14,2.3926330509581626
2025-03-17,2.416055413758763
2025-03-18,2.4049298832244093
2025-03-19,2.42632413395382
2025-03-20,2.4139669731624385
2025-03-21,2.4053671435622155
2025-03-24,2.4194010413725646
2025-03-25,2.4229538577996492
2025-03-26,2.3958000788582314
2025-03-27,2.392750326022511
2025-03-28,2.3708548652485395
2025-03-31,2.3728469120030855
2025-04-01,2.3836187878102377
2025-04-02,2.395440884360822
2025-04-03,2.3279057167951143
2025-04-04,2.228995430485768
2025-04-07,2.1774747464939703
2025-04-08,2.13870655201089
2025-04-09,2.2968098690974563
2025-04-10,2.2194890394175095
2025-04-11,2.2581368636812704
2025-04-14,2.2818449598294004
2025-04-15,2.290602021355621
2025-04-16,2.2707988709867273
2025-04-17,2.2766383308819713
2025-04-21,2.238783757679941
2025-04-22,2.2799422388336787
2025-04-23,2.308559656493647
2025-04-24,2.3517193583174048
2025-04-25,2.366144650265564
2025-04-28,2.375203453945925
2025-04-29,2.388005106630924
2025-04-30,2.380098322312965
2025-05-01,2.3811303697420008
2025-05-02,2.411588153356347
2025-05-05,2.405120241097597
2025-05-06,2.398700278608285
2025-05-07,2.4009719145614343
2025-05-08,2.3960399602732805
2025-05-09,2.400432020509568
2025-05-12,2.4421194453640322
2025-05-13,2.4517576899216684
2025-05-14,2.4400837888148303
2025-05-15,2.467007967908932
2025-05-16,2.47866821632543
2025-05-19,2.4844596646131465
2025-05-20,2.4776903606567693
2025-05-21,2.4277127703145207
2025-05-22,2.437866178828423
2025-05-23,2.436007773212758
2025-05-27,2.4875411855330016
2025-05-28,2.465680350871622
2025-05-29,2.4846046928102883
2025-05-30,2.4843154704786707
2025-06-02,2.4905310067397393
2025-06-03,2.4970542227227526
2025-06-04,2.5202482714809156
2025-06-05,2.5144228362702634
2025-06-06,2.5166390774535365
2025-06-09,2.52742381929042
2025-06-10,2.541701473117528
2025-06-11,2.5447852415615033
2025-06-12,2.562355855342751
2025-06-13,2.5235760666183795
2025-06-16,2.536452772400477
2025-06-17,2.524141765580745
2025-06-18,2.527699859665862
2025-06-20,2.5183435998620403
2025-06-23,2.5406776407039873
2025-06-24,2.5803657757754586
2025-06-25,2.5750907856031593
2025-06-26,2.6010252433093672
2025-06-27,2.6021322749769547
2025-06-30,2.6196173826865667
2025-07-01,2.6216983471934676
2025-07-02,2.627186047244241
2025-07-03,2.629958028929143
2025-07-07,2.603029913478877
2025-07-08,2.6062305247517124
2025-07-09,2.6251668147204255
2025-07-10,2.628205508853314
2025-07-11,2.605674819591041
2025-07-14,2.6079774999033116
2025-07-15,2.593733329584889
2025-07-16,2.6026543368957555
2025-07-17,2.614564101462836
2025-07-18,2.61297508414137
2025-07-21,2.6259231820676874
2025-07-22,2.634435037495461
2025-07-23,2.6494701620129955
2025-07-24,2.6396740097134685
2025-07-25,2.647322645387464
2025-07-28,2.6345722306802033
2025-07-29,2.6463383524916955
2025-07-30,2.633821113722126
2025-07-31,2.6238071718417233
2025-08-01,2.6210141209085
2025-08-04,2.650662865459173
2025-08-05,2.6505896916730793
2025-08-06,2.6594963540047956
2025-08-07,2.6648690646764734
2025-08-08,2.6697474252788216
2025-08-11,2.6667097315647785
2025-08-12,2.691748919583942
2025-08-13,2.713171792601509
2025-08-14,2.6988550116559926
2025-08-15,2.694143719898811
2025-08-18,2.6943309233213135
2025-08-19,2.685603655243694
2025-08-20,2.683609549617679
2025-08-21,2.6729153443146485
2025-08-22,2.717751965299045
2025-08-25,2.701244117008941
2025-08-26,2.705445015080472
2025-08-27,2.7053033514598352
2025-08-28,2.715996505402055
2025-08-29,2.6984782897369235
2025-09-02,2.6811495032990917
2025-09-03,2.6977344631644145
2025-09-04,2.718493948518941
2025-09-05,2.7367869338955297
2025-09-08,2.7559407736265773
2025-09-09,2.7537061546059123
2025-09-10,2.7621990003764436
2025-09-11,2.7895890650592485
2025-09-12,2.783482027713491
2025-09-15,2.799588151337366
2025-09-16,2.800085391704091
2025-09-17,2.797018998292895
2025-09-18,2.8038104563983186
2025-09-19,2.8030994354278658
2025-09-22,2.8089996702445066
2025-09-23,2.8071853484285874
2025-09-24,2.793185063877029
2025-09-25,2.7801712241603993
2025-09-26,2.789782742140436
2025-09-29,2.804582987063329
2025-09-30,2.808954825367616
2025-10-01,2.823931935430323
2025-10-02,2.832954165788477
2025-10-03,2.835670796298005
2025-10-06,2.8385330956518633
2025-10-07,2.8290457802383524
2025-10-08,2.8433227103146996
2025-10-09,2.8301081903357423
2025-10-10,2.7803466019179335
2025-10-13,2.821521637208022
2025-10-14,2.823586066940729
2025-10-15,2.8392424883067076
2025-10-16,2.839250241032163
2025-10-17,2.8415651787265097
2025-10-20,2.8702929692250096
2025-10-21,2.8634820290518275
2025-10-22,2.8531337142853253
2025-10-23,2.8646592203563594
2025-10-24,2.881588898320048
2025-10-27,2.906619198193171
2025-10-28,2.91080093635037
2025-10-29,2.901990607111269
2025-10-30,2.8742446219227107
2025-10-31,2.8728524919193905
2025-11-03,2.8743808396949646
2025-11-04,2.852735978184546
2025-11-05,2.8569860493918258
2025-11-06,2.860309620601839
