Date,QQQ
2014-01-02,1.0
2014-01-03,0.9927814364169398
2014-01-06,0.9891147742752338
2014-01-07,0.9982816703188876
2014-01-08,1.000459042801409
2014-01-09,0.9971355074516955
2014-01-10,1.0003440895495461
2014-01-13,0.9855626802823693
2014-01-14,1.0043545524135324
2014-01-15,1.0126051920937198
2014-01-16,1.0127194714152954
2014-01-17,1.0069900049399094
2014-01-21,1.014667515048623
2014-01-22,1.0173027750234893
2014-01-23,1.0138657305582428
2014-01-24,0.9939271179053556
2014-01-27,0.9843019492663356
2014-01-28,0.9837287234191067
2014-01-29,0.9731872984166203
2014-01-30,0.9911772897816478
2014-01-31,0.9885415484280049
2014-02-03,0.9658532039271652
2014-02-04,0.9729580658431818
2014-02-05,0.9704371814656464
2014-02-06,0.9828126596071508
2014-02-07,1.0003440895495461
2014-02-10,1.006073556024932
2014-02-11,1.0175322001484381
2014-02-12,1.0194801475060105
2014-02-13,1.027042896914372
2014-02-14,1.029105508696541
2014-02-18,1.0341473737273672
2014-02-19,1.0270428969143721
2014-02-20,1.0318557219232705
2014-02-21,1.030480615309906
2014-02-24,1.0359805603845875
2014-02-25,1.034834878896172
2014-02-26,1.0339182374296843
2014-02-27,1.0406262506822346
2014-02-28,1.0394757554060527
2014-03-03,1.0317664742980805
2014-03-04,1.0448835645828844
2014-03-05,1.0477600916006051
2014-03-06,1.0468398879311702
2014-03-07,1.0416619852580642
2014-03-10,1.0425826703062757
2014-03-11,1.038094775971613
2014-03-12,1.042007133840919
2014-03-13,1.027278676239173
2014-03-14,1.0202601736756867
2014-03-17,1.0292349995874588
2014-03-18,1.0416619852580642
2014-03-19,1.0360237881987302
2014-03-20,1.0389005077679616
2014-03-21,1.0263992934899975
2014-03-24,1.0174034794635634
2014-03-25,1.0207481954794493
2014-03-26,1.0076011634347382
2014-03-27,1.0019498728726792
2014-03-28,1.003910528629955
2014-03-31,1.0110607364267314
2014-04-01,1.0288208212880332
2014-04-02,1.0314736997261247
2014-04-03,1.0232857355626566
2014-04-04,0.9960682907038734
2014-04-07,0.9866117009124346
2014-04-08,0.9957225644664868
2014-04-09,1.0127905229227283
2014-04-10,0.9814219563214232
2014-04-11,0.9700045182211979
2014-04-14,0.9776161757132665
2014-04-15,0.9808458422015341
2014-04-16,0.9938774396156059
2014-04-17,0.9941080200496188
2014-04-21,1.0014885194531422
2014-04-22,1.0094462882856186
2014-04-23,1.0005665828201113
2014-04-24,1.0101383184149237
2014-04-25,0.9939929705220004
2014-04-28,0.9972221556314915
2014-04-29,1.0051788654306593
2014-04-30,1.00783155131724
2014-05-01,1.010830444819984
2014-05-02,1.0089851274175925
2014-05-05,1.0142900178119776
2014-05-06,1.0011428894915109
2014-05-07,0.9982596231709171
2014-05-08,0.9973371088833543
2014-05-09,1.0010274548608713
2014-05-12,1.0175189140942025
2014-05-13,1.0182109442235074
2014-05-14,1.0129059575533672
2014-05-15,1.0049483812724014
2014-05-16,1.0115222823977783
2014-05-19,1.0185570555639154
2014-05-20,1.0148663244833769
2014-05-21,1.0245539760876052
2014-05-22,1.0290516905493117
2014-05-23,1.0365479134107407
2014-05-27,1.049464365021439
2014-05-28,1.0462346985331714
2014-05-29,1.0529242268406984
2014-05-30,1.0530392763683167
2014-06-02,1.0520016162773804
2014-06-03,1.0515400703063331
2014-06-04,1.055461189269374
2014-06-05,1.0643414723894131
2014-06-06,1.0704531536134554
2014-06-09,1.0696464590595536
2014-06-10,1.0714911988074132
2014-06-11,1.0712608109249109
2014-06-12,1.0615737369752143
2014-06-13,1.0646873911783103
2014-06-16,1.0656100017416283
2014-06-17,1.0661863084130279
2014-06-18,1.072183228936718
2014-06-19,1.0714911988074127
2014-06-20,1.0727516409961804
2014-06-23,1.0729830879119915
2014-06-24,1.0719426358241506
2014-06-25,1.0787652172255424
2014-06-26,1.0793429680332718
2014-06-27,1.0840840676044499
2014-06-30,1.0859342950703632
2014-07-01,1.0978447613136282
2014-07-02,1.0996949887795415
2014-07-03,1.1066328122600622
2014-07-07,1.1032796239777074
2014-07-08,1.0899816315486404
2014-07-09,1.0980757268506627
2014-07-10,1.0946069113861576
2014-07-11,1.1016607471518498
2014-07-14,1.1082517853616753
2014-07-15,1.1044361846264752
2014-07-16,1.1088303063754474
2014-07-17,1.094144113830291
2014-07-18,1.1114898278406566
2014-07-21,1.1101023016548546
2014-07-22,1.1171560411447916
2014-07-23,1.1243255040926339
2014-07-24,1.1230537013647373
2014-07-25,1.1186589056854777
2014-07-28,1.11900636488646
2014-07-29,1.117040317686886
2014-07-30,1.1214347282631243
2014-07-31,1.0987699713223404
2014-08-01,1.0947227311198187
2014-08-04,1.1022388830626006
2014-08-05,1.0937975211111064
2014-08-06,1.0929882271118105
2014-08-07,1.089519219095795
2014-08-08,1.0973820600335171
2014-08-11,1.1038577598884585
2014-08-12,1.1033955399871238
2014-08-13,1.1150743667630674
2014-08-14,1.1208563998008632
2014-08-15,1.126291166189187
2014-08-18,1.1349640713322475
2014-08-19,1.141323855177773
2014-08-20,1.141323855177773
2014-08-21,1.1436364950965316
2014-08-22,1.1453709991045395
2014-08-25,1.1494183355828167
2014-08-26,1.1505749925073396
2014-08-27,1.1508059580443741
2014-08-28,1.1495337702134563
2014-08-29,1.1538128424348104
2014-09-02,1.1571663195444313
2014-09-03,1.1503438344187948
2014-09-04,1.14930222702189
2014-09-05,1.1550845488869514
2014-09-08,1.1572813690720494
2014-09-09,1.1476840241263195
2014-09-10,1.1571663195444313
2014-09-11,1.1562406281569426
2014-09-12,1.1503438344187948
2014-09-15,1.1392424696233148
2014-09-16,1.149186696115495
2014-09-17,1.1509216815022794
2014-09-18,1.1595942978180738
2014-09-19,1.1588757918560533
2014-09-22,1.148095891807617
2014-09-23,1.1449661595533807
2014-09-24,1.157252678896961
2014-09-25,1.132911568504388
2014-09-26,1.1449661595533807
2014-09-29,1.143459636533992
2014-09-30,1.1450821718385522
2014-10-01,1.1267682125568426
2014-10-02,1.1267682125568426
2014-10-03,1.1378956680820167
2014-10-06,1.1354620095388095
2014-10-07,1.1193503581602515
2014-10-08,1.1411413163456692
2014-10-09,1.1227114410545433
2014-10-10,1.0946613071879194
2014-10-13,1.0775065080003712
2014-10-14,1.0776219426310107
2014-10-15,1.070667752272084
2014-10-16,1.063944912553213
2014-10-17,1.0779698832107696
2014-10-20,1.094081342037817
2014-10-21,1.1228274533397145
2014-10-22,1.1170319416961727
2014-10-23,1.1338388003039617
2014-10-24,1.1431116959542327
2014-10-27,1.1439229154686352
2014-10-28,1.1611939194928653
2014-10-29,1.156905123420223
2014-10-30,1.1593390707906963
2014-10-31,1.1753349024355937
2014-11-03,1.1788120938908124
2014-11-04,1.1748713346736845
2014-11-05,1.1749872506831007
2014-11-06,1.178696370432907
2014-11-07,1.1776534151754277
2014-11-10,1.181825525032611
2014-11-11,1.1855347410581727
2014-11-12,1.1876213255034187
2014-11-13,1.192722015020751
2014-11-14,1.1964308459432913
2014-11-17,1.1928374496513905
2014-11-18,1.2017624047219022
2014-11-19,1.196314641106609
2014-11-20,1.201646681263997
2014-11-21,1.2039648089008095
2014-11-24,1.2133535242847413
2014-11-25,1.215208276711155
2014-11-26,1.2230899876969215
2014-11-28,1.228769872158313
2014-12-01,1.214860432407151
2014-12-02,1.219729001078385
2014-12-03,1.22193082760276
2014-12-04,1.2213516326587006
2014-12-05,1.2214674523923617
2014-12-08,1.2127742330649267
2014-12-09,1.2165991725483938
2014-12-10,1.197473801200771
2014-12-11,1.203153493110652
2014-12-12,1.1900554654254032
2014-12-15,1.1777691386333335
2014-12-16,1.1588757918560537
2014-12-17,1.1799712539849745
2014-12-18,1.208369713534379
2014-12-19,1.2136866383981801
2014-12-22,1.2167113338033524
2014-12-23,1.212406748506836
2014-12-24,1.2134536510702838
2014-12-26,1.2220629179390716
2014-12-29,1.2218303157141965
2014-12-30,1.2136866383981797
2014-12-31,1.2012375093038485
2015-01-02,1.1976309232334676
2015-01-05,1.1800630047798026
2015-01-06,1.164241143424785
2015-01-07,1.1792489932684957
2015-01-08,1.2018197850720787
2015-01-09,1.1939078434991388
2015-01-12,1.1814598697138716
2015-01-13,1.1811104849977825
2015-01-14,1.1745954083589116
2015-01-15,1.1593541860842833
2015-01-16,1.1729664225787444
2015-01-20,1.1822738812251785
2015-01-21,1.1883236571385443
2015-01-22,1.2103123657254078
2015-01-23,1.212988542896289
2015-01-26,1.211592255616752
2015-01-27,1.1801795947195062
2015-01-28,1.1741298188061404
2015-01-29,1.1854148777427882
2015-01-30,1.1762241053118128
2015-02-02,1.1864621654092573
2015-02-03,1.1978636217340979
2015-02-04,1.1968168154464054
2015-02-05,1.2071712729320427
2015-02-06,1.1998414145758223
2015-02-09,1.1960024188320773
2015-02-10,1.2146170472976796
2015-02-11,1.2190382225338994
2015-02-12,1.2332321571420586
2015-02-13,1.2438192168525708
2015-02-17,1.2449828056314773
2015-02-18,1.2467278036968161
2015-02-19,1.2528941695498854
2015-02-20,1.2612703528150218
2015-02-23,1.2625503389821213
2015-02-24,1.2634809404331317
2015-02-25,1.260339655088256
2015-02-26,1.2667386231662
2015-02-27,1.261154051702584
2015-03-02,1.2725557005789352
2015-03-03,1.2666224183295176
2015-03-04,1.2617358460920374
2015-03-05,1.2639465299859025
2015-03-06,1.2496364868168166
2015-03-09,1.2532428803356868
2015-03-10,1.2299743781332344
2015-03-11,1.2228771220018888
2015-03-12,1.2309049795842448
2015-03-13,1.2255531066212593
2015-03-16,1.2413760270095857
2015-03-17,1.2433537235755545
2015-03-18,1.2555695765147235
2015-03-19,1.257430971968255
2015-03-20,1.265570894529814
2015-03-23,1.2631217355899989
2015-03-24,1.2585739577355215
2015-03-25,1.2297710437379799
2015-03-26,1.2255734208056341
2015-03-27,1.2304709684792219
2015-03-30,1.244580661801468
2015-03-31,1.2314037842726049
2015-04-01,1.2249901822798508
2015-04-02,1.2258067932365517
2015-04-06,1.2358345870843577
2015-04-07,1.2337359681696956
2015-04-08,1.2435313523441371
2015-04-09,1.2513441298890882
2015-04-10,1.256474857442083
2015-04-13,1.2533265439670682
2015-04-14,1.2497113893544631
2015-04-15,1.257524359450925
2015-04-16,1.2557757029068837
2015-04-17,1.2361847420064898
2015-04-20,1.254725912070776
2015-04-21,1.2600900120546885
2015-04-22,1.2669699738062565
2015-04-23,1.2717508352643856
2015-04-24,1.289009515991934
2015-04-27,1.2857442274741944
2015-04-28,1.283178863697697
2015-04-29,1.2751327137218287
2015-04-30,1.2550758744413975
2015-05-01,1.271634437876193
2015-05-04,1.2737333456181212
2015-05-05,1.2529763890449372
2015-05-06,1.2443471930947962
2015-05-07,1.2518103933721474
2015-05-08,1.2674365261165812
2015-05-11,1.2625386896157273
2015-05-12,1.25682491608846
2015-05-13,1.259390472416468
2015-05-14,1.2778147637137849
2015-05-15,1.2778147637137849
2015-05-18,1.2834120435771041
2015-05-19,1.2820126754733967
2015-05-20,1.2828286124998103
2015-05-21,1.2894757794749925
2015-05-22,1.2881927124837225
2015-05-26,1.2733834795232555
2015-05-27,1.2939064860109897
2015-05-28,1.2909916412426479
2015-05-29,1.2832954536374004
2015-06-01,1.2876098590609604
2015-06-02,1.2835284409652967
2015-06-03,1.2873769680088194
2015-06-04,1.2775812950071117
2015-06-05,1.2745496677475558
2015-06-08,1.2616058738223443
2015-06-09,1.2595067735289054
2015-06-10,1.276764972877677
2015-06-11,1.2786310858432197
2015-06-12,1.2681361620305573
2015-06-15,1.261838957425996
2015-06-16,1.2687191117290746
2015-06-17,1.272217291298955
2015-06-18,1.290758365087486
2015-06-19,1.2843770154727672
2015-06-22,1.2938440030457814
2015-06-23,1.294895815672751
2015-06-24,1.2882340147827587
2015-06-25,1.2856622968064095
2015-06-26,1.2771301468176401
2015-06-29,1.2469757137667894
2015-06-30,1.2514172031873836
2015-07-01,1.2613517058282757
2015-07-02,1.261702342129184
2015-07-06,1.2587803729549478
2015-07-07,1.2619362922146335
2015-07-08,1.2399628914728673
2015-07-09,1.2392619076983167
2015-07-10,1.258196364223122
2015-07-13,1.280286162353081
2015-07-14,1.2887012410233702
2015-07-15,1.2901040750542696
2015-07-16,1.3083370664257474
2015-07-17,1.3276218704241949
2015-07-20,1.332180046060248
2015-07-21,1.3313620872429726
2015-07-22,1.3162847263039141
2015-07-23,1.3113755292639315
2015-07-24,1.2985190574488035
2015-07-27,1.2877664034391252
2015-07-28,1.2988696937497117
2015-07-29,1.3037785056866729
2015-07-30,1.3099733691633195
2015-07-31,1.3084536563654507
2015-08-03,1.3043633809002968
2015-08-04,1.3019088305181832
2015-08-05,1.3119600193745342
2015-08-06,1.290921745044279
2015-08-07,1.2892854423067068
2015-08-10,1.3040124557721227
2015-08-11,1.287298503268226
2015-08-12,1.291740185240331
2015-08-13,1.2896362711591256
2015-08-14,1.291623113921851
2015-08-17,1.3023759604830398
2015-08-18,1.2957138707657814
2015-08-19,1.287181720777012
2015-08-20,1.2515337931270867
2015-08-21,1.196834915288408
2015-08-24,1.1507845848266915
2015-08-25,1.1464602630003329
2015-08-26,1.2041982776074829
2015-08-27,1.2347033469592419
2015-08-28,1.234469589425303
2015-08-31,1.2191585672280612
2015-09-01,1.1810564742990435
2015-09-02,1.2143666340580692
2015-09-03,1.2084054318396062
2015-09-04,1.1940298248811412
2015-09-08,1.2276911985956072
2015-09-09,1.2138990227144362
2015-09-10,1.227106515933494
2015-09-11,1.233885580693477
2015-09-14,1.2301450750474334
2015-09-15,1.2446378496001338
2015-09-16,1.2516506718940557
2015-09-17,1.2521182832376887
2015-09-18,1.234309675395701
2015-09-21,1.238176109729715
2015-09-22,1.2196644000465595
2015-09-23,1.2206018370761984
2015-09-24,1.2161493722194967
2015-09-25,1.2058392015813106
2015-09-28,1.171510155503638
2015-09-29,1.1654179219821723
2015-09-30,1.1922481457530223
2015-10-01,1.1976380476393629
2015-10-02,1.2186100842499519
2015-10-05,1.236066900481967
2015-10-06,1.2302090984247276
2015-10-07,1.237590368034294
2015-10-08,1.242511118164916
2015-10-09,1.2481350664124615
2015-10-12,1.2511811350353168
2015-10-13,1.2430970524118488
2015-10-14,1.241105107034091
2015-10-15,1.2614913056735029
2015-10-16,1.2667639436898528
2015-10-19,1.274027564326407
2015-10-20,1.2674667567037547
2015-10-21,1.259733888035727
2015-10-22,1.2853927246914885
2015-10-23,1.3213615394339255
2015-10-26,1.3221820014208394
2015-10-27,1.3248764709852332
2015-10-28,1.3358896471888317
2015-10-29,1.3337811118713705
2015-10-30,1.3278055645653635
2015-11-02,1.3428025352487218
2015-11-03,1.3474886613636072
2015-11-04,1.3476061177851086
2015-11-05,1.3439742111910764
2015-11-06,1.3449113593934494
2015-11-09,1.3306176831027694
2015-11-10,1.3272194377669206
2015-11-11,1.3255793802748905
2015-11-12,1.3126914262877698
2015-11-13,1.2869159996923047
2015-11-16,1.3054274205481944
2015-11-17,1.3062474011563319
2015-11-18,1.3313205923924267
2015-11-19,1.3322580294220654
2015-11-20,1.3412793565236616
2015-11-23,1.3374132110169137
2015-11-24,1.336241149971538
2015-11-25,1.3374132110169137
2015-11-27,1.3392875074216593
2015-11-30,1.3358896471888317
2015-12-01,1.3492464641044049
2015-12-02,1.3409277574651999
2015-12-03,1.3181980143895689
2015-12-04,1.3490122251916892
2015-12-07,1.3429197991187127
2015-12-08,1.3430366778856824
2015-12-09,1.3226504792462705
2015-12-10,1.3286257377250115
2015-12-11,1.2980461509386279
2015-12-14,1.3078880363028935
2015-12-15,1.3158549513321263
2015-12-16,1.3354210730876452
2015-12-17,1.3159724077536274
2015-12-18,1.2907287121548445
2015-12-21,1.30506638646571
2015-12-22,1.3136455190230798
2015-12-23,1.3233994083469747
2015-12-24,1.3231641104009506
2015-12-28,1.322459083044676
2015-12-29,1.3432603264653113
2015-12-30,1.3311556720235476
2015-12-31,1.314585362946602
2016-01-04,1.2868505321786805
2016-01-05,1.2846176085853342
2016-01-06,1.2722780413005674
2016-01-07,1.2324384598151268
2016-01-08,1.2223318161237062
2016-01-11,1.2260923471268583
2016-01-12,1.2403126612919777
2016-01-13,1.1975348400296504
2016-01-14,1.223036843479981
2016-01-15,1.1850774312203611
2016-01-19,1.1876631091812329
2016-01-20,1.184019938323827
2016-01-21,1.1851951764691286
2016-01-22,1.2195112253198321
2016-01-25,1.2014130200058148
2016-01-26,1.2122249798807758
2016-01-27,1.1820223126765053
2016-01-28,1.1987100781749522
2016-01-29,1.223741967112011
2016-02-01,1.2270322873261361
2016-02-02,1.2004729835307821
2016-02-03,1.1947143455015314
2016-02-04,1.1945967928042747
2016-02-05,1.153112147487527
2016-02-08,1.1354841529625366
2016-02-09,1.1319584385266321
2016-02-10,1.1363067330160679
2016-02-11,1.1346614766332501
2016-02-12,1.151937101893736
2016-02-16,1.1779086422028062
2016-02-17,1.2045862689014597
2016-02-18,1.1908359729738567
2016-02-19,1.1943616874097611
2016-02-22,1.2137529723936027
2016-02-23,1.193774116474988
2016-02-24,1.2051734547332114
2016-02-25,1.2170431963319723
2016-02-26,1.2155154926464113
2016-02-29,1.2045862689014597
2016-03-01,1.2432504196900882
2016-03-02,1.2437203416518492
2016-03-03,1.2413701541885123
2016-03-04,1.2418400761502733
2016-03-07,1.2342013651709571
2016-03-08,1.223976879955014
2016-03-09,1.231850888880354
2016-03-10,1.2299706233787782
2016-03-11,1.2514768941556877
2016-03-14,1.253591879948756
2016-03-15,1.2531220542627504
2016-03-16,1.2642863834022156
2016-03-17,1.263581356045941
2016-03-18,1.2655616520573039
2016-03-21,1.2705121513963227
2016-03-22,1.2744017881873708
2016-03-23,1.2639115818867195
2016-03-24,1.264265202736043
2016-03-28,1.2624970022136701
2016-03-29,1.2827704619435918
2016-03-30,1.289017603155382
2016-03-31,1.2871316573842415
2016-04-01,1.3008044513288046
2016-04-04,1.295854337092807
2016-04-05,1.2833597658419607
2016-04-06,1.3044585013465626
2016-04-07,1.2857172702627027
2016-04-08,1.2847742492392549
2016-04-11,1.2800597217765475
2016-04-12,1.2907857074019995
2016-04-13,1.3072874681411508
2016-04-14,1.3074055022171842
2016-04-15,1.304104880497239
2016-04-18,1.311059167131921
2016-04-19,1.3030441142250238
2016-04-20,1.304104880497239
2016-04-21,1.3042225294702512
2016-04-22,1.2845388550174752
2016-04-25,1.2845388550174752
2016-04-26,1.2782915212541743
2016-04-27,1.2680367091753024
2016-04-28,1.252713556232889
2016-04-29,1.2461131792747966
2016-05-02,1.2579000274482193
2016-05-03,1.2462311170750746
2016-05-04,1.2382158716166667
2016-05-05,1.2378624433188539
2016-05-06,1.244463012828457
2016-05-09,1.2479989324944265
2016-05-10,1.2650900934077023
2016-05-11,1.2536569623593583
2016-05-12,1.2481170628462153
2016-05-13,1.2435199918050093
2016-05-16,1.2590790203479787
2016-05-17,1.243284405031719
2016-05-18,1.2477633457211363
2016-05-19,1.241280617736056
2016-05-20,1.2549532191291084
2016-05-23,1.253303148958524
2016-05-24,1.278409651605963
2016-05-25,1.2876031197580877
2016-05-26,1.2913751075761237
2016-05-27,1.2980932297829837
2016-05-31,1.3005688645555145
2016-06-01,1.3006867060800373
2016-06-02,1.3033976387985922
2016-06-03,1.29726843538708
2016-06-06,1.3019829628497874
2016-06-07,1.2986828225086189
2016-06-08,1.3009221965775721
2016-06-09,1.2988005677573864
2016-06-10,1.2840672000921187
2016-06-13,1.2733411181909113
2016-06-14,1.2733411181909113
2016-06-15,1.269686971897398
2016-06-16,1.2734591522669447
2016-06-17,1.2585322703334656
2016-06-20,1.2664505661062573
2016-06-21,1.2704686347549146
2016-06-22,1.2673956089205671
2016-06-23,1.2854782175622212
2016-06-24,1.2325318472977969
2016-06-27,1.2080677927656684
2016-06-28,1.234541218587269
2016-06-29,1.2564045761406941
2016-06-30,1.2709415412650904
2016-07-01,1.2773237573616072
2016-07-05,1.2695233031133384
2016-07-06,1.279923202755491
2016-07-07,1.2837055883551025
2016-07-08,1.3035599597220766
2016-07-11,1.3110055415362025
2016-07-12,1.317623825784786
2016-07-13,1.3144327658744053
2016-07-14,1.3234151012950932
2016-07-15,1.3212876959295876
2016-07-18,1.330033096716411
2016-07-19,1.3251877305022115
2016-07-20,1.3406695458894071
2016-07-21,1.3375969051580812
2016-07-22,1.3431512460345236
2016-07-25,1.3432699540408444
2016-07-26,1.3448057448898532
2016-07-27,1.3541425676416627
2016-07-28,1.3588698035040736
2016-07-29,1.3618242176078554
2016-08-01,1.369033538718404
2016-08-02,1.3586331576974748
2016-08-03,1.3631245179593297
2016-08-04,1.3670247450834638
2016-08-05,1.3801426055743102
2016-08-08,1.3786063333465248
2016-08-09,1.3817973932569056
2016-08-10,1.378251749739648
2016-08-11,1.384161155601744
2016-08-12,1.3851064872433196
2016-08-15,1.3910153154508837
2016-08-16,1.3833334729331803
2016-08-17,1.3858157507328286
2016-08-18,1.3861700455124393
2016-08-19,1.3858157507328284
2016-08-22,1.3868793090019482
2016-08-23,1.3893609128713094
2016-08-24,1.380379058829398
2016-08-25,1.3781338119393696
2016-08-26,1.3801426055743098
2016-08-29,1.3820336539604827
2016-08-30,1.377542582525894
2016-08-31,1.376124633201408
2016-09-01,1.3796699878913998
2016-09-02,1.384161155601744
2016-09-06,1.3927881372095123
2016-09-07,1.3936154347750547
2016-09-08,1.385460974574441
2016-09-09,1.350596924124405
2016-09-12,1.3748245254014448
2016-09-13,1.3625332885458534
2016-09-14,1.3690335387184038
2016-09-15,1.3903065333401512
2016-09-16,1.3896429045586682
2016-09-19,1.383600541878463
2016-09-20,1.3862073042297518
2016-09-21,1.3998322491239166
2016-09-22,1.4109691396731128
2016-09-23,1.4019647571044545
2016-09-26,1.3902354818327185
2016-09-27,1.4039790384574484
2016-09-28,1.4063484810718514
2016-09-29,1.3961592327823587
2016-09-30,1.4065858970844929
2016-10-03,1.4045715194557435
2016-10-04,1.4024390114752054
2016-10-05,1.407415216440897
2016-10-06,1.4067041237120368
2016-10-07,1.4036235883687738
2016-10-10,1.4125095517583772
2016-10-11,1.3923677972617459
2016-10-12,1.3911830278166668
2016-10-13,1.3862073042297518
2016-10-14,1.3878657503910499
2016-10-17,1.3840746036977034
2016-10-18,1.3963965525192448
2016-10-19,1.396277844512924
2016-10-20,1.3946193020758708
2016-10-21,1.3998322491239166
2016-10-24,1.4166562448161542
2016-10-25,1.412153909118192
2016-10-26,1.40255743065426
2016-10-27,1.3961592327823587
2016-10-28,1.387391784847565
2016-10-31,1.3860884036719205
2016-11-01,1.3756626058515844
2016-11-02,1.3646437493784214
2016-11-03,1.3512557391181215
2016-11-04,1.3465164687862945
2016-11-07,1.3785055326306952
2016-11-08,1.387510300302375
2016-11-09,1.3939082093470103
2016-11-10,1.3713971085117314
2016-11-11,1.371989589510026
2016-11-14,1.3581276137062415
2016-11-15,1.3769657944757177
2016-11-16,1.3851410502394823
2016-11-17,1.395211494246899
2016-11-18,1.389998450923098
2016-11-21,1.4044530040009326
2016-11-22,1.4087184050650303
2016-11-23,1.4030312036462338
2016-11-25,1.4075333467926854
2016-11-28,1.4043345848218785
2016-11-29,1.4091920817812493
2016-11-30,1.3921309589036364
2016-12-01,1.368080023637625
2016-12-02,1.370804723789192
2016-12-05,1.3814678413464143
2016-12-06,1.3847855038750527
2016-12-07,1.4023204960203952
2016-12-08,1.4048082615380972
2016-12-09,1.4158271180112603
2016-12-12,1.4094290164151142
2016-12-13,1.4272010394700767
2016-12-14,1.4242389233058683
2016-12-15,1.4264901392927272
2016-12-16,1.4212023859827907
2016-12-19,1.4270247585620692
2016-12-20,1.4324910071223858
2016-12-21,1.4314216723079463
2016-12-22,1.4273814602355634
2016-12-23,1.4283318944921717
2016-12-27,1.4356993003929706
2016-12-28,1.4245294835354516
2016-12-29,1.422509425637138
2016-12-30,1.4078933218418612
2017-01-03,1.4204890789115585
2017-01-04,1.4282129939343406
2017-01-05,1.4362938994578829
2017-01-06,1.448889367700314
2017-01-09,1.4536427905681744
2017-01-10,1.4568512763902697
2017-01-11,1.4607723953533103
2017-01-12,1.4585149214423552
2017-01-13,1.4635056640471016
2017-01-17,1.4591089428527353
2017-01-18,1.4620797238349232
2017-01-19,1.461366898142467
2017-01-20,1.464574998861541
2017-01-23,1.4657633305095672
2017-01-24,1.475626011436984
2017-01-25,1.490479723796413
2017-01-26,1.4920247571179333
2017-01-27,1.494876733818045
2017-01-30,1.48323112217769
2017-01-31,1.4802602449197466
2017-02-01,1.4904797237964127
2017-02-02,1.489172780417821
2017-02-03,1.4934506973301112
2017-02-06,1.495233146664273
2017-02-07,1.5006992989488341
2017-02-08,1.503194573975452
2017-02-09,1.5086606299842578
2017-02-10,1.5136517576920254
2017-02-13,1.5222073989650953
2017-02-14,1.5273170421276732
2017-02-15,1.5363479968048024
2017-02-16,1.5358727796764984
2017-02-17,1.5425270710575751
2017-02-21,1.5501321817982814
2017-02-22,1.5507262994844166
2017-02-23,1.5449037343536276
2017-02-24,1.5478742265085494
2017-02-27,1.549775768952053
2017-02-28,1.5450229237387247
2017-03-01,1.5618965977207122
2017-03-02,1.5540534933128327
2017-03-03,1.5569055662887
2017-03-06,1.5534593756266972
2017-03-07,1.5508452963180033
2017-03-08,1.553578468736039
2017-03-09,1.5547669929355759
2017-03-10,1.5613021912073104
2017-03-13,1.563916174240249
2017-03-14,1.5601140521107948
2017-03-15,1.5697397984043466
2017-03-16,1.5686698859353752
2017-03-17,1.5681219806117976
2017-03-20,1.56955052026937
2017-03-21,1.5457358457069361
2017-03-22,1.5562146914684587
2017-03-23,1.5522849076874383
2017-03-24,1.5554998439851409
2017-03-27,1.5580007030055678
2017-03-28,1.567526515065088
2017-03-29,1.5747901357016423
2017-03-30,1.5774097990041454
2017-03-31,1.576338153571578
2017-04-03,1.5753861789028845
2017-04-04,1.5778865565445348
2017-04-05,1.5714562025703533
2017-04-06,1.5722895655084816
2017-04-07,1.5714562025703536
2017-04-10,1.5720515718413082
2017-04-11,1.565264034814856
2017-04-12,1.5589527739500169
2017-04-13,1.5527613764005623
2017-04-17,1.5656213141428823
2017-04-18,1.5632395482317973
2017-04-19,1.5657405998037348
2017-04-20,1.578838723764739
2017-04-21,1.578481444436713
2017-04-24,1.5975342238648176
2017-04-25,1.609084618783152
2017-04-26,1.606821849705654
2017-04-27,1.6164670437017823
2017-04-28,1.6193252783259904
2017-05-01,1.6337335227655119
2017-05-02,1.6364721829016013
2017-05-03,1.6312328562965954
2017-05-04,1.6318278404645288
2017-05-05,1.6377813406225654
2017-05-08,1.6413543264543364
2017-05-09,1.6470696403936893
2017-05-10,1.6480221927169147
2017-05-11,1.646712264789908
2017-05-12,1.6504038623522441
2017-05-15,1.6556431889572503
2017-05-16,1.6625498190930443
2017-05-17,1.6202774455461944
2017-05-18,1.6344480814215638
2017-05-19,1.6413543264543367
2017-05-22,1.6551666239683713
2017-05-23,1.6568339274991593
2017-05-24,1.6644555013940268
2017-05-25,1.6786257521663748
2017-05-26,1.681602405969638
2017-05-30,1.6830309456272101
2017-05-31,1.6824355763562555
2017-06-01,1.6889850234397787
2017-06-02,1.708276181638078
2017-06-05,1.7079178432767435
2017-06-06,1.701130787629068
2017-06-07,1.7077988464431568
2017-06-08,1.7095851468075316
2017-06-09,1.6668364008233136
2017-06-12,1.6579054766559713
2017-06-13,1.6713617464267994
2017-06-14,1.6640973555842027
2017-06-15,1.6567155083201046
2017-06-16,1.6495271753242178
2017-06-19,1.6771090239169213
2017-06-20,1.663974507720403
2017-06-21,1.6804522957964774
2017-06-22,1.6799747680500454
2017-06-23,1.6864217777298989
2017-06-26,1.678541992259239
2017-06-27,1.648094206981901
2017-06-28,1.6718548708455951
2017-06-29,1.642840053910574
2017-06-30,1.6434381189026779
2017-07-03,1.6261238870643049
2017-07-05,1.6421235697394154
2017-07-06,1.6273180915334062
2017-07-07,1.6448707021419742
2017-07-10,1.65561680940029
2017-07-11,1.6602736676855554
2017-07-12,1.6799747680500459
2017-07-13,1.683675608084894
2017-07-14,1.6969298913210418
2017-07-17,1.697765564877298
2017-07-18,1.709108389267143
2017-07-19,1.7191380123543
2017-07-20,1.721406846804384
2017-07-21,1.7206897849786933
2017-07-24,1.728570725758417
2017-07-25,1.7241526313463678
2017-07-26,1.729764545124497
2017-07-27,1.718899633584105
2017-07-28,1.7174666652417876
2017-07-31,1.7101828266966144
2017-08-01,1.7141233933622315
2017-08-02,1.7187792888899436
2017-08-03,1.712093707888385
2017-08-04,1.7151978307917035
2017-08-07,1.7260635125381378
2017-08-08,1.7230785790199166
2017-08-09,1.7208097445698327
2017-08-10,1.683914949612641
2017-08-11,1.696690549793293
2017-08-14,1.7185414877742808
2017-08-15,1.7197354996918714
2017-08-16,1.722720240658582
2017-08-17,1.6874973704684344
2017-08-18,1.6863027808963118
2017-08-21,1.684153713485857
2017-08-22,1.7098242957837688
2017-08-23,1.7037350468107182
2017-08-24,1.6987211980246928
2017-08-25,1.6951387771688995
2017-08-28,1.7003921600341834
2017-08-29,1.7070785112417848
2017-08-30,1.727138335070631
2017-08-31,1.7456450384145095
2017-09-01,1.743257207130839
2017-09-05,1.7276150926110205
2017-09-06,1.7328694382338576
2017-09-07,1.7369286166300404
2017-09-08,1.7218847596538367
2017-09-11,1.7417044717488925
2017-09-12,1.7458841873907471
2017-09-13,1.7482716335713966
2017-09-14,1.7380038242655553
2017-09-15,1.7439738838535088
2017-09-18,1.7416884899735083
2017-09-19,1.7446795851400707
2017-09-20,1.7392944970414965
2017-09-21,1.7286442804354885
2017-09-22,1.726969852498806
2017-09-25,1.7087808591475133
2017-09-26,1.713208388583585
2017-09-27,1.7286442804354885
2017-09-28,1.7280458303403632
2017-09-29,1.7404913972317468
2017-10-02,1.7420474059893747
2017-10-03,1.745756525739181
2017-10-04,1.7474317238819062
2017-10-05,1.7645433915310669
2017-10-06,1.766936614257036
2017-10-09,1.7649026926499547
2017-10-10,1.7662191673283238
2017-10-11,1.771483718181226
2017-10-12,1.7682532814869156
2017-10-13,1.7750740336489563
2017-10-16,1.7811765686762424
2017-10-17,1.7834502169140927
2017-10-18,1.7812963357158715
2017-10-19,1.7747145399785575
2017-10-20,1.7795013705335172
2017-10-23,1.7678939803680278
2017-10-24,1.7708856531891222
2017-10-25,1.7641844755152003
2017-10-26,1.7585606235434104
2017-10-27,1.8097760520027741
2017-10-30,1.8138444728714684
2017-10-31,1.8206648399304874
2017-11-01,1.8200669674898942
2017-11-02,1.8165964190617934
2017-11-03,1.83406681017531
2017-11-06,1.8402894973452466
2017-11-07,1.8413670155988893
2017-11-08,1.8487860253045443
2017-11-09,1.83909375246406
2017-11-10,1.8389739854244307
2017-11-13,1.8412468634562382
2017-11-14,1.8345460708853376
2017-11-15,1.8259299684379213
2017-11-16,1.8492645158085292
2017-11-17,1.8422044221187408
2017-11-20,1.8407689506067848
2017-11-21,1.8607519463828783
2017-11-22,1.8630257871722395
2017-11-24,1.8698467318857908
2017-11-27,1.869009132814428
2017-11-28,1.8737953857148557
2017-11-29,1.84112748151963
2017-11-30,1.8565637584745547
2017-12-01,1.848666258264914
2017-12-04,1.8273660176044084
2017-12-05,1.8285631103461697
2017-12-06,1.8368199116746982
2017-12-07,1.8430418286385921
2017-12-08,1.851179055479002
2017-12-11,1.865539162040859
2017-12-12,1.8630257871722393
2017-12-13,1.8666157175369482
2017-12-14,1.8652990503070683
2017-12-15,1.8864791388249234
2017-12-18,1.9022955124618872
2017-12-19,1.8910241246824961
2017-12-20,1.8889855818391592
2017-12-21,1.8892253084699284
2017-12-22,1.8870668060354516
2017-12-26,1.8768748620248097
2017-12-27,1.8771147812070899
2017-12-28,1.8793932432327067
2017-12-29,1.8677615915768744
2018-01-02,1.9004976590068732
2018-01-03,1.9189637339820027
2018-01-04,1.9223216397763687
2018-01-05,1.9416276244409887
2018-01-08,1.9491819978586367
2018-01-09,1.9493015723467553
2018-01-10,1.9447450333985428
2018-01-11,1.9580547714697603
2018-01-12,1.9724449160672797
2018-01-16,1.9668093184533395
2018-01-17,1.9880338863701563
2018-01-18,1.9883937651435761
2018-01-19,1.9946285830586843
2018-01-22,2.015973495669663
2018-01-23,2.032640946983735
2018-01-24,2.019451168503658
2018-01-25,2.018731796059839
2018-01-26,2.049668469622738
2018-01-29,2.039716059691355
2018-01-30,2.022928263683121
2018-01-31,2.0313219691357274
2018-02-01,2.0140547198659546
2018-02-02,1.9738834684034055
2018-02-05,1.8960601168922466
2018-02-06,1.9463039304288294
2018-02-07,1.9211226215194999
2018-02-08,1.8400609387020939
2018-02-09,1.871837714505994
2018-02-12,1.9050538128520629
2018-02-13,1.914886840846838
2018-02-14,1.9507405097859012
2018-02-15,1.9869542500498951
2018-02-16,1.978080706232729
2018-02-20,1.982037832328263
2018-02-21,1.9764018496113016
2018-02-22,1.9761625080835536
2018-02-23,2.0165732936253615
2018-02-26,2.0433131144619576
2018-02-27,2.0180122310645094
2018-02-28,2.00506179411218
2018-03-01,1.972324763924628
2018-03-02,1.9904321154354017
2018-03-05,2.0124960153871774
2018-03-06,2.021009872982434
2018-03-07,2.025686178970276
2018-03-08,2.0368383773645697
2018-03-09,2.0764094457683977
2018-03-12,2.0874416845715515
2018-03-13,2.0590222369074853
2018-03-14,2.0586623581340655
2018-03-15,2.0568637344730085
2018-03-16,2.0507482984945082
2018-03-19,2.00699289321257
2018-03-20,2.0135987578887162
2018-03-21,2.004831502505433
2018-03-22,1.9553471121268853
2018-03-23,1.9038205204262981
2018-03-26,1.974563560339049
2018-03-27,1.9106670744907668
2018-03-28,1.8886869344461277
2018-03-29,1.9232784282328275
2018-04-02,1.8677887413398762
2018-04-03,1.8888072791402892
2018-04-04,1.9185938425300277
2018-04-05,1.9295232588264901
2018-04-06,1.8812409675289807
2018-04-09,1.8944521192267412
2018-04-10,1.9362496607483084
2018-04-11,1.9250795550635234
2018-04-12,1.9482602537771156
2018-04-13,1.938171324824676
2018-04-16,1.9529446469284053
2018-04-17,1.994982300183763
2018-04-18,1.9990659326217992
2018-04-19,1.9806895866506364
2018-04-20,1.9493410454064397
2018-04-23,1.9444167330728703
2018-04-24,1.9032199522645565
2018-04-25,1.905502072768876
2018-04-26,1.9456182544993768
2018-04-27,1.9468197759258832
2018-04-30,1.9330061305512738
2018-05-01,1.955106807841585
2018-05-02,1.9435768233833801
2018-05-03,1.943335941443547
2018-05-04,1.9802091706315448
2018-05-07,1.9966638525263403
2018-05-08,1.9946220363073222
2018-05-09,2.0163616795151498
2018-05-10,2.03725948751838
2018-05-11,2.0353380159935233
2018-05-14,2.038821657924349
2018-05-15,2.0162413348209887
2018-05-16,2.0295730237644207
2018-05-17,2.0217662153163003
2018-05-18,2.0113164448328873
2018-05-21,2.022606702660323
2018-05-22,2.019964510831073
2018-05-23,2.0370195683361
2018-05-24,2.0364190001743574
2018-05-25,2.0384610089448865
2018-05-29,2.0294526790702596
2018-05-30,2.0439853117856663
2018-05-31,2.0426647935255735
2018-06-01,2.0747338625226526
2018-06-04,2.0934704723702566
2018-06-05,2.0999559923522413
2018-06-06,2.1122070822178607
2018-06-07,2.0950312949156507
2018-06-08,2.0951514470583015
2018-06-11,2.1007968647992854
2018-06-12,2.1118470108929306
2018-06-13,2.1117264736472587
2018-06-14,2.1331056604271343
2018-06-15,2.125658538200923
2018-06-18,2.124431407423499
2018-06-19,2.1184128248548597
2018-06-20,2.1334586073461703
2018-06-21,2.114922443621161
2018-06-22,2.1102280377913174
2018-06-25,2.062683988985671
2018-06-26,2.0711100430920677
2018-06-27,2.042944378319049
2018-06-28,2.0605173993877464
2018-06-29,2.066054795731251
2018-07-02,2.079896746177927
2018-07-03,2.0558239563154563
2018-07-05,2.0813408825078628
2018-07-06,2.1137186115765267
2018-07-09,2.1327363466296916
2018-07-10,2.1343012127568097
2018-07-11,2.123468264767187
2018-07-12,2.1600594059920706
2018-07-13,2.1618641913014685
2018-07-16,2.15668840669498
2018-07-17,2.16980886663122
2018-07-18,2.1657157991691616
2018-07-19,2.154884006488603
2018-07-20,2.154401664954405
2018-07-23,2.161262660382173
2018-07-24,2.170169130507662
2018-07-25,2.2005019625331372
2018-07-26,2.167160898256651
2018-07-27,2.1379119386846694
2018-07-30,2.107700991765441
2018-07-31,2.123829683952692
2018-08-01,2.1318943188735835
2018-08-02,2.16090201140271
2018-08-03,2.167521739787624
2018-08-06,2.180280780538359
2018-08-07,2.1882244931105577
2018-08-08,2.190872461485127
2018-08-09,2.1895482847463317
2018-08-10,2.1728176765367633
2018-08-13,2.1704107826535375
2018-08-14,2.1840120437118915
2018-08-15,2.1572909003718292
2018-08-16,2.1643923926364095
2018-08-17,2.164873001207012
2018-08-20,2.1629478712034524
2018-08-21,2.170891776327162
2018-08-22,2.1793174453305375
2018-08-23,2.176187713076301
2018-08-24,2.1964092801741004
2018-08-27,2.218796859215292
2018-08-28,2.222046551060668
2018-08-29,2.2476840144987467
2018-08-30,2.2437124470399135
2018-08-31,2.2466011048028056
2018-09-04,2.2369723739608385
2018-09-05,2.208084641022852
2018-09-06,2.188344452701698
2018-09-07,2.179918976249833
2018-09-10,2.1872611579027357
2018-09-11,2.204112110806465
2018-09-12,2.197612727115713
2018-09-13,2.221083986058888
2018-09-14,2.214584024713604
2018-09-17,2.1826874818700746
2018-09-18,2.2007416891639067
2018-09-19,2.1990568634456484
2018-09-20,2.2233707277994634
2018-09-21,2.2112136030710454
2018-09-24,2.2173638908729747
2018-09-25,2.2203778996693053
2018-09-26,2.2219454615175724
2018-09-27,2.2407562036967796
2018-09-28,2.24027347705956
2018-10-01,2.2448558179102003
2018-10-02,2.2397915206283825
2018-10-03,2.2422028431963534
2018-10-04,2.1991556423706156
2018-10-05,2.1722660164587277
2018-10-08,2.1590019130955365
2018-10-09,2.16599615416868
2018-10-10,2.070737455918944
2018-10-11,2.0450532024637758
2018-10-12,2.101967770535597
2018-10-15,2.0765251692263043
2018-10-16,2.136936280180165
2018-10-17,2.1377800408998686
2018-10-18,2.088221133086696
2018-10-19,2.086292152052924
2018-10-22,2.0970238179479406
2018-10-23,2.089307316158319
2018-10-24,1.9936858508625033
2018-10-25,2.062657609428711
2018-10-26,2.0096021587334985
2018-10-29,1.968243442104721
2018-10-30,2.000679706832625
2018-10-31,2.047706947383665
2018-11-01,2.0747161477836715
2018-11-02,2.04240061285295
2018-11-05,2.037336315571132
2018-11-06,2.05277047445944
2018-11-07,2.117160469829539
2018-11-08,2.1036560621810465
2018-11-09,2.068205018450769
2018-11-12,2.0056230817657497
2018-11-13,2.00731156596271
2018-11-14,1.9919973666655422
2018-11-15,2.0268453390644385
2018-11-16,2.0197315235031765
2018-11-19,1.9541355780218261
2018-11-20,1.9191666832742367
2018-11-21,1.9337568888913301
2018-11-23,1.919770139708639
2018-11-26,1.9641436353397896
2018-11-27,1.970775879572896
2018-11-28,2.034200614220066
2018-11-29,2.0275687550899812
2018-11-30,2.042279883055768
2018-12-03,2.0779721938289
2018-12-04,1.9982685768161652
2018-12-06,2.0123758632445283
2018-12-07,1.9459357719404529
2018-12-10,1.9663136908649064
2018-12-11,1.9728257829553622
2018-12-12,1.9901891154289528
2018-12-13,1.9907921867603338
2018-12-14,1.9423177290551876
2018-12-17,1.898306230264074
2018-12-18,1.9102430760642994
2018-12-19,1.8633375280679951
2018-12-20,1.836327557461946
2018-12-21,1.7794135670446571
2018-12-24,1.7352873075531914
2018-12-26,1.8436375830125686
2018-12-27,1.8507714239309394
2018-12-28,1.849804237692904
2018-12-31,1.8654039908803777
2019-01-02,1.8729009839478492
2019-01-03,1.8117131201999939
2019-01-04,1.889225886124461
2019-01-07,1.9117182131874508
2019-01-08,1.929011456911162
2019-01-09,1.9447315547927972
2019-01-10,1.9502934051781555
2019-01-11,1.9431591791567635
2019-01-14,1.92598820564232
2019-01-15,1.963596211394989
2019-01-16,1.9632328666943772
2019-01-17,1.978711504981647
2019-01-18,1.9983015031244875
2019-01-22,1.9582748578464426
2019-01-23,1.960814804823533
2019-01-24,1.9735114588848148
2019-01-25,1.9970924721890653
2019-01-28,1.9724235428495969
2019-01-29,1.9538009234963023
2019-01-30,2.0035017417728294
2019-01-31,2.0334912544548014
2019-02-01,2.0249051900430475
2019-02-04,2.050057808777289
2019-02-05,2.0681967387358107
2019-02-06,2.062029698952454
2019-02-07,2.034337710895654
2019-02-08,2.038327570748
2019-02-11,2.0363926206173972
2019-02-12,2.0665036333025943
2019-02-13,2.067954508935403
2019-02-14,2.0704944559124936
2019-02-15,2.079200479915387
2019-02-19,2.0833124174254904
2019-02-20,2.0829496503794105
2019-02-21,2.0753307722056924
2019-02-22,2.090689065798801
2019-02-25,2.0983075588694975
2019-02-26,2.100483776042955
2019-02-27,2.0991540153103503
2019-02-28,2.0943171213626197
2019-03-01,2.108827803205811
2019-03-04,2.1091907628034012
2019-03-05,2.110762560784903
2019-03-06,2.0987910557127596
2019-03-07,2.073033055029009
2019-03-08,2.069890229272048
2019-03-11,2.112939163061382
2019-03-12,2.124547901087446
2019-03-13,2.1405102287694886
2019-03-14,2.1368827508602015
2019-03-15,2.156714593700429
2019-03-18,2.1618507126957223
2019-03-19,2.169119917326085
2019-03-20,2.1777213858586912
2019-03-21,2.2117631450824624
2019-03-22,2.163183554252497
2019-03-25,2.159064877439521
2019-03-26,2.169119917326085
2019-03-27,2.1551880453239316
2019-03-28,2.1601549115413565
2019-03-29,2.176509851753631
2019-04-01,2.205342322408059
2019-04-02,2.2137015611402573
2019-04-03,2.22642189903735
2019-04-04,2.2255739021844123
2019-04-05,2.2370830910794663
2019-04-08,2.242776839249625
2019-04-09,2.2349018675667316
2019-04-10,2.2468957086141117
2019-04-11,2.2415649200415433
2019-04-12,2.251256422675985
2019-04-15,2.251620152479618
2019-04-16,2.2593736241592866
2019-04-17,2.267248018187648
2019-04-18,2.2701557385500957
2019-04-22,2.2765765612244997
2019-04-23,2.3055303393306423
2019-04-24,2.2982615198033005
2019-04-25,2.3075896777371305
2019-04-26,2.30964959379815
2019-04-29,2.314131422760227
2019-04-30,2.296202181396812
2019-05-01,2.2888120544177553
2019-05-02,2.278878129431395
2019-05-03,2.315221456862062
2019-05-06,2.301047740162522
2019-05-07,2.256223866547942
2019-05-08,2.2505301183777835
2019-05-09,2.238415547533221
2019-05-10,2.2412015753409325
2019-05-13,2.163425206398374
2019-05-14,2.187170273589705
2019-05-15,2.2180626603051525
2019-05-16,2.2403531933849723
2019-05-17,2.217457470907154
2019-05-20,2.180022954065588
2019-05-21,2.2027981392977343
2019-05-22,2.192985714314599
2019-05-23,2.159428414691644
2019-05-24,2.1583378029352764
2019-05-28,2.150220601451975
2019-05-29,2.132533397337457
2019-05-30,2.1414982105706755
2019-05-31,2.1073355289982114
2019-06-03,2.0609361989234274
2019-06-04,2.1189654476904476
2019-06-05,2.1347148134017027
2019-06-06,2.151674557908954
2019-06-07,2.193227751563496
2019-06-10,2.2187899273609077
2019-06-11,2.221818377520538
2019-06-12,2.20897673217173
2019-06-13,2.2220606073209455
2019-06-14,2.212611334486912
2019-06-17,2.2259376319880455
2019-06-18,2.2582837826089617
2019-06-19,2.2667633660353217
2019-06-20,2.287843135216124
2019-06-21,2.2844511478043716
2019-06-24,2.28452373972389
2019-06-25,2.2453067735481618
2019-06-26,2.2557482643166167
2019-06-27,2.264368988000289
2019-06-28,2.2672826774595665
2019-07-01,2.297878919951622
2019-07-02,2.306985065993663
2019-07-03,2.32434724315819
2019-07-05,2.3196118238565764
2019-07-08,2.303342954169566
2019-07-09,2.3148775598640263
2019-07-10,2.337946001046905
2019-07-11,2.3362461563108154
2019-07-12,2.3497234141963057
2019-07-15,2.35725044529944
2019-07-16,2.345109109794896
2019-07-17,2.333575274306478
2019-07-18,2.336246156310816
2019-07-19,2.3191264014982074
2019-07-22,2.33758169358874
2019-07-23,2.352879526007502
2019-07-24,2.369392551010027
2019-07-25,2.3469304545342102
2019-07-26,2.3710918180915836
2019-07-29,2.3629567093177912
2019-07-30,2.3527584111072977
2019-07-31,2.3202197089757233
2019-08-01,2.308684910729752
2019-08-02,2.274689941523071
2019-08-05,2.194313164429076
2019-08-06,2.225030906924357
2019-08-07,2.237051127528697
2019-08-08,2.285737969550099
2019-08-09,2.2642478731000844
2019-08-12,2.238265549906417
2019-08-13,2.287316314282963
2019-08-14,2.218959757793308
2019-08-15,2.216410568343706
2019-08-16,2.2519850375923154
2019-08-19,2.2878019291928426
2019-08-20,2.2700754445701508
2019-08-21,2.2902301962937517
2019-08-22,2.2828238949878
2019-08-23,2.210582419219108
2019-08-26,2.243971813924769
2019-08-27,2.239236009520134
2019-08-28,2.247249810842212
2019-08-29,2.2816100502646117
2019-08-30,2.2761464011496892
2019-09-03,2.2540484195805273
2019-09-04,2.286587891918144
2019-09-05,2.3284749698921674
2019-09-06,2.326168587897505
2019-09-09,2.3213120536956873
2019-09-10,2.314634559857576
2019-09-11,2.3363674637625307
2019-09-12,2.3460803396146552
2019-09-13,2.3377026159374332
2019-09-16,2.327260740065957
2019-09-17,2.338431615956784
2019-09-18,2.337460771240046
2019-09-19,2.3413453054160622
2019-09-20,2.3165770194970943
2019-09-23,2.3175985052611354
2019-09-24,2.2868195313854653
2019-09-25,2.312489150925824
2019-09-26,2.30397317526395
2019-09-27,2.275383512064462
2019-09-30,2.2970384326075997
2019-10-01,2.2783029780690596
2019-10-02,2.2391295285347406
2019-10-03,2.263704492737008
2019-10-04,2.2970384326075997
2019-10-07,2.2901042676057815
2019-10-08,2.2557960170912597
2019-10-09,2.2778160152986056
2019-10-10,2.2954571996020756
2019-10-11,2.3250202106879403
2019-10-14,2.3247770181299794
2019-10-15,2.3543398366643333
2019-10-16,2.348499941897585
2019-10-17,2.3547052994315627
2019-10-18,2.3320764533475162
2019-10-21,2.352758411107299
2019-10-22,2.334022956568759
2019-10-23,2.3385242332334126
2019-10-24,2.361274579320684
2019-10-25,2.3801317264139605
2019-10-28,2.4036114576236045
2019-10-29,2.3849976956398002
2019-10-30,2.3965554075155397
2019-10-31,2.397650640508163
2019-11-01,2.419427446157547
2019-11-04,2.434391201705317
2019-11-05,2.435729434704391
2019-11-06,2.4302544250503395
2019-11-07,2.438405900702538
2019-11-08,2.44813860936026
2019-11-11,2.4448542582429655
2019-11-12,2.4519103083510303
2019-11-13,2.4525183860216884
2019-11-14,2.4505714976974247
2019-11-15,2.4685775671135923
2019-11-18,2.4705238777833243
2019-11-19,2.474173691667848
2019-11-20,2.459331051020282
2019-11-21,2.453856811572273
2019-11-22,2.455438044577797
2019-11-25,2.4845144779962283
2019-11-26,2.4892595248733747
2019-11-27,2.5066563613098203
2019-11-29,2.4952205345403273
2019-12-02,2.469672607554705
2019-12-03,2.4503283051394638
2019-12-04,2.4627374797953334
2019-12-05,2.4676040266757053
2019-12-06,2.4940039940959897
2019-12-09,2.482690244984254
2019-12-10,2.480621471553744
2019-12-11,2.4937608015380284
2019-12-12,2.512373985867301
2019-12-13,2.520647924280278
2019-12-16,2.545952466156429
2019-12-17,2.5474121991587277
2019-12-18,2.5493583172769485
2019-12-19,2.5652961909171377
2019-12-20,2.575636977245518
2019-12-23,2.5824403997715994
2019-12-24,2.5837817135948433
2019-12-26,2.6065805826628003
2019-12-27,2.60438607309583
2019-12-30,2.587317344433546
2019-12-31,2.592194096543983
2020-01-02,2.6354769804187668
2020-01-03,2.611335834770012
2020-01-06,2.6281615634258455
2020-01-07,2.6277955230040844
2020-01-08,2.6475464942098355
2020-01-09,2.669980670716606
2020-01-10,2.663152794148671
2020-01-13,2.693877661049846
2020-01-14,2.6832699983276935
2020-01-15,2.684367349386934
2020-01-16,2.7100930014168942
2020-01-17,2.7235047917887605
2020-01-21,2.7222851705202524
2020-01-22,2.7294785098554164
2020-01-23,2.7382573183293384
2020-01-24,2.7152139088428453
2020-01-27,2.659129622884982
2020-01-28,2.6999734567742597
2020-01-29,2.704362861011221
2020-01-30,2.71399505778038
2020-01-31,2.670956329221111
2020-02-03,2.711312815236913
2020-02-04,2.773371396915964
2020-02-05,2.7825145128480515
2020-02-06,2.806534158493581
2020-02-07,2.7944634893934484
2020-02-10,2.8282362541568298
2020-02-11,2.8287239871333263
2020-02-12,2.856278685963027
2020-02-13,2.8526205923635453
2020-02-14,2.8607892051001924
2020-02-18,2.861886748710943
2020-02-19,2.8893191773313767
2020-02-20,2.862496366793687
2020-02-21,2.8075094318950637
2020-02-24,2.699241953585269
2020-02-25,2.625844398546586
2020-02-26,2.639378074024698
2020-02-27,2.507214375587706
2020-02-28,2.509165114942183
2020-03-02,2.638646378284198
2020-03-03,2.5540325051981716
2020-03-04,2.660592821814472
2020-03-05,2.579758157228132
2020-03-06,2.5362313105893444
2020-03-09,2.3600536101916
2020-03-10,2.4885601777866637
2020-03-11,2.380170621819112
2020-03-12,2.1619294662635817
2020-03-13,2.345057313438529
2020-03-16,2.064148343224226
2020-03-17,2.220696379867934
2020-03-18,2.1531508503411705
2020-03-19,2.1660752928395612
2020-03-20,2.0812166867834887
2020-03-23,2.082719936427196
2020-03-24,2.244000504099858
2020-03-25,2.2273835012815777
2020-03-26,2.3446785646170647
2020-03-27,2.264037991953468
2020-03-30,2.3463889996862406
2020-03-31,2.3263511267296093
2020-04-01,2.227505578939335
2020-04-02,2.272713015163146
2020-04-03,2.240456786097707
2020-04-06,2.4006382697475326
2020-04-07,2.3996604931764107
2020-04-08,2.450610393102577
2020-04-09,2.454154111104728
2020-04-13,2.48066729881328
2020-04-14,2.5885541027865036
2020-04-15,2.5588642002551154
2020-04-16,2.6055383013356086
2020-04-17,2.630462746529721
2020-04-20,2.5993059865901396
2020-04-21,2.5033935759617196
2020-04-22,2.577680333876622
2020-04-23,2.5721827956958236
2020-04-24,2.6127466596886046
2020-04-27,2.633762309216358
2020-04-28,2.5841560337315634
2020-04-29,2.6757924529627997
2020-04-30,2.6746931763884527
2020-05-01,2.59930598659014
2020-05-04,2.6296080103739103
2020-05-05,2.6594205682175875
2020-05-06,2.6757924529628
2020-05-07,2.7102480053829754
2020-05-08,2.7473913843404265
2020-05-11,2.7719501742157986
2020-05-12,2.7139132233883516
2020-05-13,2.679946751805248
2020-05-14,2.7103698904892224
2020-05-15,2.7279644773271134
2020-05-18,2.7787917219409906
2020-05-19,2.7718282891095525
2020-05-20,2.827176643193681
2020-05-21,2.7963868864334143
2020-05-22,2.8060393011111926
2020-05-26,2.7984637470273723
2020-05-27,2.81373693285277
2020-05-28,2.810071137192862
2020-05-29,2.851246159680472
2020-06-01,2.859799297783903
2020-06-02,2.8789820494817016
2020-06-03,2.891933256640073
2020-06-04,2.8716506507133954
2020-06-05,2.9285877473119633
2020-06-08,2.951313831908892
2020-06-09,2.972695521858406
2020-06-10,3.008372621062196
2020-06-11,2.859310602049852
2020-06-12,2.8820368791982913
2020-06-15,2.917102627355742
2020-06-16,2.9671975985745864
2020-06-17,2.9766060504883605
2020-06-18,2.9846697226516987
2020-06-19,2.984180834366138
2020-06-22,3.0199688432400666
2020-06-23,3.0456719667432797
2020-06-24,2.9828834222873235
2020-06-25,3.0112791861155785
2020-06-26,2.940167602611428
2020-06-29,2.972235516299443
2020-06-30,3.0304952492247215
2020-07-01,3.0658671542841183
2020-07-02,3.0866742705258283
2020-07-06,3.1625592059791923
2020-07-07,3.1407720025482324
2020-07-08,3.1821422722676496
2020-07-09,3.208946982963337
2020-07-10,3.2308560715005434
2020-07-13,3.164395184633317
2020-07-14,3.186793354007595
2020-07-15,3.1932804144016655
2020-07-16,3.1714934035222164
2020-07-17,3.175165938484998
2020-07-20,3.265248467025224
2020-07-21,3.2312226895768377
2020-07-22,3.242604794474857
2020-07-23,3.1579079316877374
2020-07-24,3.1279216923814466
2020-07-27,3.1837331328487073
2020-07-28,3.143220680109272
2020-07-29,3.179449631942608
2020-07-30,3.196095517487487
2020-07-31,3.2531312004595123
2020-08-03,3.297071070088661
2020-08-04,3.3093107994151514
2020-08-05,3.3175100278419927
2020-08-06,3.3614510527802057
2020-08-07,3.3226523084856274
2020-08-10,3.3084527898836593
2020-08-11,3.245787670946035
2020-08-12,3.3274252753318194
2020-08-13,3.335013345263832
2020-08-14,3.3310960773310048
2020-08-17,3.369772743967826
2020-08-18,3.402208431041198
2020-08-19,3.3793206031753167
2020-08-20,3.4261976535480434
2020-08-21,3.449942335636353
2020-08-24,3.4714842284427347
2020-08-25,3.4987768646664303
2020-08-26,3.5734383278210733
2020-08-27,3.5623007633415895
2020-08-28,3.580415624361279
2020-08-31,3.6091778137143167
2020-09-01,3.6708647709777975
2020-09-02,3.7056253249908555
2020-09-03,3.5177474245994844
2020-09-04,3.470872684844885
2020-09-08,3.304047211319803
2020-09-09,3.4011070364002345
2020-09-10,3.333299636818976
2020-09-11,3.31016765363758
2020-09-14,3.367814880207455
2020-09-15,3.4155491699056317
2020-09-16,3.361082894291828
2020-09-17,3.308576407953502
2020-09-18,3.266349861666189
2020-09-21,3.274182857119759
2020-09-22,3.335013345263833
2020-09-23,3.2331813235432523
2020-09-24,3.2482361559555635
2020-09-25,3.32375293292055
2020-09-28,3.392784189903551
2020-09-29,3.377484431969682
2020-09-30,3.400617185357121
2020-10-01,3.4545928397217684
2020-10-02,3.3574124773956653
2020-10-05,3.429011986427824
2020-10-06,3.367814880207457
2020-10-07,3.4260748056842454
2020-10-08,3.4443102039496063
2020-10-09,3.496941463666839
2020-10-12,3.6048935426021758
2020-10-13,3.604772235150461
2020-10-14,3.574662185222817
2020-10-15,3.550671807406908
2020-10-16,3.5312121666367826
2020-10-19,3.47356571027295
2020-10-20,3.481030547238142
2020-10-21,3.478338292016121
2020-10-22,3.4782142888432572
2020-10-23,3.485069122622684
2020-10-26,3.4328056362908086
2020-10-27,3.459610346986496
2020-10-28,3.3247326350067783
2020-10-29,3.382870097722789
2020-10-30,3.2970710700886627
2020-11-02,3.304415754911204
2020-11-03,3.3615719751289013
2020-11-04,3.511629292899837
2020-11-05,3.603180989466384
2020-11-06,3.605872089379341
2020-11-09,3.5321914836199904
2020-11-10,3.4689136657754522
2020-11-11,3.546510769261588
2020-11-12,3.5298658464742623
2020-11-13,3.5608312102122497
2020-11-16,3.5886156229941655
2020-11-17,3.577232747890103
2020-11-18,3.5507950403737296
2020-11-19,3.578579453155646
2020-11-20,3.554100379605686
2020-11-23,3.5542224572634433
2020-11-24,3.6041606915526123
2020-11-25,3.6263137428538226
2020-11-27,3.659726821395295
2020-11-30,3.6671924285665294
2020-12-01,3.7141919417000344
2020-12-02,3.71896606385529
2020-12-03,3.724228881744596
2020-12-04,3.739405406711643
2020-12-07,3.760579911235689
2020-12-08,3.773309106502272
2020-12-09,3.6878778522535023
2020-12-10,3.7026869889382144
2020-12-11,3.6944866052023086
2020-12-14,3.721291315897996
2020-12-15,3.7610697622788027
2020-12-16,3.781754800862756
2020-12-17,3.8064776446252084
2020-12-18,3.7949730769664103
2020-12-21,3.7878729325624048
2020-12-22,3.7981728979705256
2020-12-23,3.779044445798732
2020-12-24,3.7957209470338054
2020-12-28,3.833976310965307
2020-12-29,3.837410274606383
2020-12-30,3.837533122470183
2020-12-31,3.8469746932437903
2021-01-04,3.792654371675065
2021-01-05,3.823922041284786
2021-01-06,3.770951890908795
2021-01-07,3.8621789456283726
2021-01-08,3.9118391355361513
2021-01-11,3.855312173655285
2021-01-12,3.8491817186589534
2021-01-13,3.8751765577008137
2021-01-14,3.854454164123793
2021-01-15,3.8239220412847863
2021-01-19,3.87971384149796
2021-01-20,3.969958113307138
2021-01-21,4.001717559475079
2021-01-22,3.990191426047087
2021-01-25,4.0231739594107285
2021-01-26,4.029059873988524
2021-01-27,3.9167438076156333
2021-01-28,3.939917767026353
2021-01-29,3.8570293480273334
2021-02-01,3.953405615244929
2021-02-02,4.017902669254953
2021-02-03,4.001962484996636
2021-02-04,4.049291646316388
2021-02-05,4.063024805159542
2021-02-08,4.090245812221273
2021-02-09,4.089388187792802
2021-02-10,4.080068694676952
2021-02-11,4.10250749241998
2021-02-12,4.125436911412163
2021-02-16,4.114279321575571
2021-02-17,4.094537785393843
2021-02-18,4.0766347310358775
2021-02-19,4.058856064953797
2021-02-22,3.9536501556634653
2021-02-23,3.9418787116108955
2021-02-24,3.97437370454955
2021-02-25,3.8358155629951143
2021-02-26,3.8518793653232737
2021-03-01,3.9677522432010406
2021-03-02,3.904114354031572
2021-03-03,3.7908162749543246
2021-03-04,3.728771942087062
2021-03-05,3.7849307454795507
2021-03-08,3.677764276707699
2021-03-09,3.8228183360256955
2021-03-10,3.811906441916703
2021-03-11,3.899699532995204
2021-03-12,3.8680640900001264
2021-03-15,3.90938641439339
2021-03-16,3.9308439696381035
2021-03-17,3.9470294645209987
2021-03-18,3.826129451802971
2021-03-19,3.8396188404336327
2021-03-22,3.911622322535152
2021-03-23,3.894558022557613
2021-03-24,3.8288752363449556
2021-03-25,3.8222449176269557
2021-03-26,3.8795802107495643
2021-03-29,3.8784745799753657
2021-03-30,3.85895332272183
2021-03-31,3.9180069455255517
2021-04-01,3.9847945923063652
2021-04-05,4.064349944655893
2021-04-06,4.0615279097156884
2021-04-07,4.071348421862271
2021-04-08,4.113828751040631
2021-04-09,4.13874953775604
2021-04-12,4.133348852985103
2021-04-13,4.181597640319758
2021-04-14,4.13138444247337
2021-04-15,4.193997187400095
2021-04-16,4.198908021127918
2021-04-19,4.160481286351931
2021-04-20,4.130156348938393
2021-04-21,4.165514967943555
2021-04-22,4.115300614788102
2021-04-23,4.16711121996691
2021-04-26,4.1942436533337375
2021-04-27,4.176072567272936
2021-04-28,4.161953920305444
2021-04-29,4.176932117216514
2021-04-30,4.149554758328129
2021-05-03,4.127455236346882
2021-05-04,4.0531784911105335
2021-05-05,4.039550465392199
2021-05-06,4.069998635772559
2021-05-07,4.1030246857776085
2021-05-10,3.999405015832078
2021-05-11,3.993880327888277
2021-05-12,3.8905059685673247
2021-05-13,3.9205852102532637
2021-05-14,4.007139039809171
2021-05-17,3.9828313371036965
2021-05-18,3.9559442143614474
2021-05-19,3.960486889600893
2021-05-20,4.037094663425268
2021-05-21,4.014751371231528
2021-05-24,4.082275334989098
2021-05-25,4.0879228707966995
2021-05-26,4.102163210318927
2021-05-27,4.086816854919479
2021-05-28,4.099708948764079
2021-06-01,4.086082078354808
2021-06-02,4.094061412956478
2021-06-03,4.051459776326403
2021-06-04,4.120212218721972
2021-06-07,4.132489688144551
2021-06-08,4.134453328450242
2021-06-09,4.135435341154598
2021-06-10,4.178528369239873
2021-06-11,4.189454512160655
2021-06-14,4.229601502132861
2021-06-15,4.201977677310834
2021-06-16,4.186631707014408
2021-06-17,4.239791328076886
2021-06-18,4.206519582344237
2021-06-21,4.232663456255347
2021-06-22,4.272119571407313
2021-06-23,4.27420798509191
2021-06-24,4.300634909723686
2021-06-25,4.295350140962165
2021-06-28,4.347587825391613
2021-06-29,4.363321594430505
2021-06-30,4.356437877924479
2021-07-01,4.358158903326741
2021-07-02,4.408184556001749
2021-07-06,4.427236757775321
2021-07-07,4.436578201763386
2021-07-08,4.40978273354021
2021-07-09,4.437314518740142
2021-07-12,4.454647235523539
2021-07-13,4.454647235523539
2021-07-14,4.462636197700742
2021-07-15,4.4312922776928
2021-07-16,4.395401831415201
2021-07-19,4.359387767067759
2021-07-20,4.41002881437083
2021-07-21,4.444075387382368
2021-07-22,4.473452201157426
2021-07-23,4.5256902706898945
2021-07-26,4.529254399152175
2021-07-27,4.479351594340967
2021-07-28,4.4965595377454575
2021-07-29,4.504549270128702
2021-07-30,4.481073389949271
2021-08-02,4.481440778231607
2021-08-03,4.508605560252225
2021-08-04,4.515119962960808
2021-08-05,4.543759304450046
2021-08-06,4.523846782526853
2021-08-09,4.532206598913583
2021-08-10,4.508973333637581
2021-08-11,4.5012300671879775
2021-08-12,4.51745561278509
2021-08-13,4.533311459481739
2021-08-16,4.535277410405557
2021-08-17,4.495330674004435
2021-08-18,4.45206473466259
2021-08-19,4.473575049021225
2021-08-20,4.519914110473174
2021-08-23,4.587516250144071
2021-08-24,4.6015282235746575
2021-08-25,4.606813377439201
2021-08-26,4.577560181733985
2021-08-27,4.622054984816851
2021-08-30,4.673924895860941
2021-08-31,4.67011468656804
2021-09-01,4.6778575679146215
2021-09-02,4.675645151057161
2021-09-03,4.690027208491234
2021-09-07,4.696664073960595
2021-09-08,4.680316065602704
2021-09-09,4.664214908281477
2021-09-10,4.628815853459077
2021-09-13,4.625618728176111
2021-09-14,4.6124682302042075
2021-09-15,4.646761269149387
2021-09-16,4.649957239123289
2021-09-17,4.594890587899253
2021-09-20,4.49994574861189
2021-09-21,4.505482374749352
2021-09-22,4.547566047815757
2021-09-23,4.589526487915341
2021-09-24,4.59383348010574
2021-09-27,4.557164740622061
2021-09-28,4.428207217389036
2021-09-29,4.420947640334206
2021-09-30,4.404704765101134
2021-10-01,4.432022433021214
2021-10-04,4.338996562089069
2021-10-05,4.3975684210131245
2021-10-06,4.425746794185846
2021-10-07,4.4663535971655035
2021-10-08,4.444080778824664
2021-10-11,4.409995695510995
2021-10-12,4.394614680839629
2021-10-13,4.429806935339582
2021-10-14,4.511390240199361
2021-10-15,4.539814694202705
2021-10-18,4.585465961658582
2021-10-19,4.62016528429125
2021-10-20,4.6141361113895245
2021-10-21,4.642314099459226
2021-10-22,4.603307784636158
2021-10-25,4.650435151972741
2021-10-26,4.665078694358287
2021-10-27,4.675907406214675
2021-10-28,4.727834697608942
2021-10-29,4.751091069066223
2021-11-01,4.767333174093252
2021-11-02,4.7872680319916805
2021-11-03,4.8380881521996635
2021-11-04,4.9001051427524125
2021-11-05,4.904781063637233
2021-11-08,4.8981361110044235
2021-11-09,4.864420726591218
2021-11-10,4.792928276198985
2021-11-11,4.8062181814646046
2021-11-12,4.856791065532902
2021-11-15,4.855683509243597
2021-11-16,4.890261139321529
2021-11-17,4.89284518059456
2021-11-18,4.9435416827327
2021-11-19,4.9711046612773595
2021-11-22,4.913394277811989
2021-11-23,4.890999381813392
2021-11-24,4.906749710282201
2021-11-26,4.813723839350056
2021-11-29,4.918192276354566
2021-11-30,4.845963123882556
2021-12-01,4.763518728667115
2021-12-02,4.797850277914426
2021-12-03,4.714423099788585
2021-12-06,4.752198240252506
2021-12-07,4.8953059889007715
2021-12-08,4.917208338135105
2021-12-09,4.844855567593252
2021-12-10,4.89752071637636
2021-12-13,4.826766893579012
2021-12-14,4.776807863726692
2021-12-15,4.885708836506551
2021-12-16,4.760073211935399
2021-12-17,4.736325063919898
2021-12-20,4.690380733064798
2021-12-21,4.795354040130254
2021-12-22,4.853754528209824
2021-12-23,4.890346632192261
2021-12-27,4.9711712841000475
2021-12-28,4.948129800128661
2021-12-29,4.947391942739819
2021-12-30,4.932606682442429
2021-12-31,4.901804217282458
2022-01-03,4.94899281599943
2022-01-04,4.88480153378833
2022-01-05,4.734735743750926
2022-01-06,4.731408838749776
2022-01-07,4.680154322333749
2022-01-10,4.683234761401257
2022-01-11,4.753586921747373
2022-01-12,4.772436559331734
2022-01-13,4.6530488461784145
2022-01-14,4.682002816836068
2022-01-18,4.565447536404529
2022-01-19,4.515302886895934
2022-01-20,4.456657088191786
2022-01-21,4.333079069063526
2022-01-24,4.35291572569152
2022-01-25,4.252009106531161
2022-01-26,4.2453564518379245
2022-01-27,4.202603084617451
2022-01-28,4.334434631698558
2022-01-31,4.4730428366457655
2022-02-01,4.503475988008294
2022-02-02,4.540067321784688
2022-02-03,4.355996164759027
2022-02-04,4.410946899973647
2022-02-07,4.375463507589579
2022-02-08,4.424622678466625
2022-02-09,4.518382940860421
2022-02-10,4.41612075906503
2022-02-11,4.276033758515968
2022-02-14,4.2813323909862575
2022-02-15,4.387783723447525
2022-02-16,4.386675011849156
2022-02-17,4.256197872094017
2022-02-18,4.207654866051076
2022-02-22,4.165394045594866
2022-02-23,4.058697787612041
2022-02-24,4.195086643847403
2022-02-25,4.260140941929272
2022-02-28,4.272831241790703
2022-03-01,4.207408015014413
2022-03-02,4.27800625619115
2022-03-03,4.216895027944536
2022-03-04,4.155784569903965
2022-03-07,4.0025139525231666
2022-03-08,3.9839092404603633
2022-03-09,4.127322760907553
2022-03-10,4.0814912652377
2022-03-11,3.9968460062554367
2022-03-14,3.920089197561813
2022-03-15,4.04304912634086
2022-03-16,4.192992453617487
2022-03-17,4.243754038166229
2022-03-18,4.330614794830125
2022-03-21,4.318575319074719
2022-03-22,4.403447018633516
2022-03-23,4.340163809346679
2022-03-24,4.436631345980326
2022-03-25,4.432929350636415
2022-03-28,4.501518124247924
2022-03-29,4.578987373530983
2022-03-30,4.528410638432472
2022-03-31,4.472281873075646
2022-04-01,4.463769940995496
2022-04-04,4.555672851517484
2022-04-05,4.454518226011397
2022-04-06,4.3578042234441074
2022-04-07,4.368166190438661
2022-04-08,4.307102714966691
2022-04-11,4.205208306556656
2022-04-12,4.187444274389386
2022-04-13,4.272562824984846
2022-04-14,4.174861418270902
2022-04-18,4.178068556232423
2022-04-19,4.271452572974392
2022-04-20,4.209155227422125
2022-04-21,4.12206340894544
2022-04-22,4.014123653306785
2022-04-25,4.065688177654972
2022-04-26,3.9122296299997723
2022-04-27,3.9075406156122274
2022-04-28,4.046320576506942
2022-04-29,3.8642419425135706
2022-05-02,3.9287594069837257
2022-05-03,3.9329539490919005
2022-05-04,4.065935413794659
2022-05-05,3.861157267312829
2022-05-06,3.814898692392336
2022-05-09,3.6656327613302047
2022-05-10,3.71016568961218
2022-05-11,3.6001290480224593
2022-05-12,3.5916167308392875
2022-05-13,3.7247225838179303
2022-05-16,3.6815452181709873
2022-05-17,3.776903658103244
2022-05-18,3.5914942680785087
2022-05-19,3.572249899897299
2022-05-20,3.561147379792755
2022-05-23,3.6203604352473016
2022-05-24,3.5433829625224633
2022-05-25,3.5929734487833835
2022-05-26,3.6925248904117303
2022-05-27,3.8130478872718894
2022-05-31,3.802932001107957
2022-06-01,3.774806387049155
2022-06-02,3.8781811314731285
2022-06-03,3.7772737421067273
2022-06-06,3.78985659822521
2022-06-07,3.8225460681896295
2022-06-08,3.7950366189649336
2022-06-09,3.6933886764885417
2022-06-10,3.5631202625709566
2022-06-13,3.397448557697737
2022-06-14,3.4036167527901577
2022-06-15,3.4886113002127552
2022-06-16,3.3478592267458813
2022-06-17,3.3885661565110814
2022-06-21,3.474059027243262
2022-06-22,3.4689918416887844
2022-06-23,3.5206541822043853
2022-06-24,3.6412850079105135
2022-06-27,3.6145888962668367
2022-06-28,3.5044636809822127
2022-06-29,3.5076781359011386
2022-06-30,3.4641718922739915
2022-07-01,3.4870366139585935
2022-07-05,3.5467337439109348
2022-07-06,3.5694760028347585
2022-07-07,3.6458588764946844
2022-07-08,3.6504319748728133
2022-07-11,3.5724416812019135
2022-07-12,3.5378343981913396
2022-07-13,3.530542472482719
2022-07-14,3.5431492049885236
2022-07-15,3.607419818422015
2022-07-18,3.576891931716243
2022-07-19,3.6868927587249822
2022-07-20,3.745354478184941
2022-07-21,3.7991183258878642
2022-07-22,3.73250012443643
2022-07-25,3.711240512144673
2022-07-26,3.6383193295433576
2022-07-27,3.792073636318928
2022-07-28,3.8291525105203084
2022-07-29,3.8989851668906685
2022-08-01,3.8966364235636615
2022-08-02,3.8850186356165968
2022-08-03,3.990817603559755
2022-08-04,4.009479310869713
2022-08-05,3.9767278393188614
2022-08-08,3.963873100467329
2022-08-09,3.919007443174936
2022-08-10,4.028390179834463
2022-08-11,4.005525073046839
2022-08-12,4.083514981614718
2022-08-15,4.116514844614318
2022-08-16,4.106874560681711
2022-08-17,4.060032169580903
2022-08-18,4.069796071583352
2022-08-19,3.990445979144185
2022-08-22,3.885387949414039
2022-08-23,3.8821761902162626
2022-08-24,3.8934231239538004
2022-08-25,3.962266835765421
2022-08-26,3.799860419409941
2022-08-29,3.7624106909990327
2022-08-30,3.720511097176817
2022-08-31,3.6988817859845966
2022-09-01,3.7004880506865057
2022-09-02,3.6482072347186705
2022-09-06,3.6220048251483212
2022-09-07,3.6951736289923427
2022-09-08,3.7143309638907342
2022-09-09,3.7955334018624316
2022-09-12,3.840647065500552
2022-09-13,3.630038459275996
2022-09-14,3.658836463210016
2022-09-15,3.59790315255925
2022-09-16,3.5759029871575025
2022-09-19,3.6037490164228294
2022-09-20,3.5750241820628594
2022-09-21,3.511009277035522
2022-09-22,3.467797252116661
2022-09-23,3.4113349875433756
2022-09-26,3.397219421400054
2022-09-27,3.3985819158894706
2022-09-28,3.466186366178495
2022-09-29,3.366265225649685
2022-09-30,3.3091852558302084
2022-10-03,3.3868193292063906
2022-10-04,3.493303010321449
2022-10-05,3.4914460435526626
2022-10-06,3.463958930303203
2022-10-07,3.3319667952622067
2022-10-10,3.2986592349485746
2022-10-11,3.2533426220182204
2022-10-12,3.2522281338745316
2022-10-13,3.3284997127612974
2022-10-14,3.22845360630207
2022-10-17,3.335063023553588
2022-10-18,3.3614356486593593
2022-10-19,3.3491782045938883
2022-10-20,3.3320907984350705
2022-10-21,3.4102216547087507
2022-10-24,3.447738005942347
2022-10-25,3.5190571599749867
2022-10-26,3.4412990834259407
2022-10-27,3.3786470579910413
2022-10-28,3.4820356661237817
2022-10-31,3.441547089771668
2022-11-01,3.4063825626892497
2022-11-02,3.2896212521413064
2022-11-03,3.2253585333197523
2022-11-04,3.277239034696929
2022-11-07,3.3132704286803305
2022-11-08,3.3374148477047663
2022-11-09,3.2604000199868604
2022-11-10,3.5009800390513863
2022-11-11,3.5654894163580932
2022-11-14,3.534287599365018
2022-11-15,3.583195683072166
2022-11-16,3.5342875993650176
2022-11-17,3.5264865674622166
2022-11-18,3.5266105706350803
2022-11-21,3.490332325615016
2022-11-22,3.540602133605538
2022-11-23,3.5761386702065474
2022-11-25,3.552612726634345
2022-11-28,3.500485181668994
2022-11-29,3.4739881682873377
2022-11-30,3.6323513880220197
2022-12-01,3.636809725699797
2022-12-02,3.6223221500378844
2022-12-05,3.5615274764747924
2022-12-06,3.4877317249120683
2022-12-07,3.473492155595883
2022-12-08,3.5146003627092948
2022-12-09,3.49218852217776
2022-12-12,3.5360197927548978
2022-12-13,3.5740329268859914
2022-12-14,3.5475355284013137
2022-12-15,3.4284220085991715
2022-12-16,3.395733693943816
2022-12-19,3.3480121126453426
2022-12-20,3.3454057353970748
2022-12-21,3.3939344926282264
2022-12-22,3.310901274893192
2022-12-23,3.318347626913361
2022-12-27,3.2714332215475665
2022-12-28,3.2282406443312817
2022-12-29,3.306929322331338
2022-12-30,3.3049437311534318
2023-01-03,3.2826031346808406
2023-01-04,3.2982410130674245
2023-01-05,3.2466094807935284
2023-01-06,3.3362202581326423
2023-01-09,3.3578168355680504
2023-01-10,3.3862389789532656
2023-01-11,3.4448212356588965
2023-01-12,3.4634386561214034
2023-01-13,3.487269601286488
2023-01-17,3.4943435586850438
2023-01-18,3.4489171913936145
2023-01-19,3.4150339020631146
2023-01-20,3.508493398997262
2023-01-23,3.586437095202582
2023-01-24,3.5791139761492343
2023-01-25,3.571171996540632
2023-01-26,3.640799778103652
2023-01-27,3.677042208542734
2023-01-30,3.60269652986557
2023-01-31,3.656686818145027
2023-02-01,3.7348785206960753
2023-02-02,3.8689236399437075
2023-02-03,3.800163495487713
2023-02-06,3.7680174058863707
2023-02-07,3.8460870307796617
2023-02-08,3.7776988958422586
2023-02-09,3.7443116192032146
2023-02-10,3.7197378103100114
2023-02-13,3.7793117072955313
2023-02-14,3.807238223092313
2023-02-15,3.836405540823775
2023-02-16,3.7644186181521726
2023-02-17,3.7378580627719993
2023-02-21,3.6493640841947026
2023-02-22,3.6520940795128127
2023-02-23,3.683991777665406
2023-02-24,3.6223063608140103
2023-02-27,3.6482469003298648
2023-02-28,3.643530543627806
2023-03-01,3.61423922272348
2023-03-02,3.644151329698168
2023-03-03,3.7194886486552203
2023-03-06,3.7237082224597815
2023-03-07,3.6780342339256458
2023-03-08,3.6964032629394037
2023-03-09,3.632359860288489
2023-03-10,3.5813479587758907
2023-03-13,3.6079088992590855
2023-03-14,3.690818498924277
2023-03-15,3.7101803235269886
2023-03-16,3.807983012335539
2023-03-17,3.7899863779433933
2023-03-20,3.803436871168902
2023-03-21,3.857758733149712
2023-03-22,3.8053011548950932
2023-03-23,3.850425216314789
2023-03-24,3.8645966223962014
2023-03-27,3.8381184790625897
2023-03-28,3.8177315102171354
2023-03-29,3.88734311745326
2023-03-30,3.9241389409339735
2023-03-31,3.9894004244413113
2023-04-03,3.9797043005706136
2023-04-04,3.966279224144512
2023-04-05,3.9271223340401096
2023-04-06,3.9536000922707
2023-04-10,3.9513626437168536
2023-04-11,3.9260036097631867
2023-04-12,3.8913216167664775
2023-04-13,3.967523106903364
2023-04-14,3.9600632762774493
2023-04-17,3.963420604417283
2023-04-18,3.963668995866032
2023-04-19,3.9618039419337983
2023-04-20,3.9315976162508255
2023-04-21,3.935699348530864
2023-04-24,3.9274958839707876
2023-04-25,3.853407839214884
2023-04-26,3.876777430960432
2023-04-27,3.9821912958822745
2023-04-28,4.009663390113904
2023-05-01,4.005063719627303
2023-05-02,3.9701325649758026
2023-05-03,3.9441531300547954
2023-05-04,3.930230115422132
2023-05-05,4.0137651223939415
2023-05-08,4.023708867507345
2023-05-09,3.998226600586857
2023-05-10,4.041733614420046
2023-05-11,4.054911069603442
2023-05-12,4.040366113591353
2023-05-15,4.062244586438364
2023-05-16,4.066843871821942
2023-05-17,4.116070050624698
2023-05-18,4.19251916200429
2023-05-19,4.18307104447932
2023-05-22,4.197118832490889
2023-05-23,4.143914539477938
2023-05-24,4.122658393113373
2023-05-25,4.222973879136012
2023-05-26,4.330872813854407
2023-05-30,4.350513838147572
2023-05-31,4.325776360470309
2023-06-01,4.375748098722333
2023-06-02,4.408564652683787
2023-06-05,4.4116732042718505
2023-06-06,4.41092687461654
2023-06-07,4.33609365551439
2023-06-08,4.389918349494681
2023-06-09,4.406700368957595
2023-06-12,4.481160423232089
2023-06-13,4.515594409883072
2023-06-14,4.548411348947547
2023-06-15,4.602609207755494
2023-06-16,4.57364637972835
2023-06-20,4.5670984730569115
2023-06-21,4.504859278060863
2023-06-22,4.558011967268958
2023-06-23,4.51282590426283
2023-06-26,4.452329685541258
2023-06-27,4.528883159839627
2023-06-28,4.5377216592818534
2023-06-29,4.528634768390878
2023-06-30,4.5984670396582175
2023-07-03,4.6092965217206485
2023-07-05,4.609171748341742
2023-07-06,4.574068452639714
2023-07-07,4.5588823000971335
2023-07-10,4.560376884922862
2023-07-11,4.582906952081941
2023-07-12,4.640789476597839
2023-07-13,4.719584250480268
2023-07-14,4.718587603861102
2023-07-17,4.762652631972179
2023-07-18,4.801614274844773
2023-07-19,4.800494395258786
2023-07-20,4.689833501671512
2023-07-21,4.67576761381794
2023-07-24,4.6832359167103235
2023-07-25,4.714978033242305
2023-07-26,4.6992931722871205
2023-07-27,4.688090910500056
2023-07-28,4.773482884240651
2023-07-31,4.775971805067417
2023-08-01,4.764893546453217
2023-08-02,4.660332684723589
2023-08-03,4.652863996728184
2023-08-04,4.6310798741213945
2023-08-07,4.670290678648781
2023-08-08,4.630581935914833
2023-08-09,4.5796705462907985
2023-08-10,4.588135110699327
2023-08-11,4.5588823000971335
2023-08-14,4.6100432364789805
2023-08-15,4.5611232145781715
2023-08-16,4.51282590426283
2023-08-17,4.4635323324313445
2023-08-18,4.457931394089322
2023-08-21,4.5297546479768656
2023-08-22,4.523282221497605
2023-08-23,4.594607922281607
2023-08-24,4.496394713652334
2023-08-25,4.531249232802593
2023-08-28,4.565355881885456
2023-08-29,4.665062134928371
2023-08-30,4.691078154636403
2023-08-31,4.705144042489975
2023-09-01,4.7001654306304
2023-09-05,4.706140304006119
2023-09-06,4.664689355203737
2023-09-07,4.631328265570142
2023-09-08,4.637801462255445
2023-09-11,4.692447966083225
2023-09-12,4.64041592666716
2023-09-13,4.658091385139527
2023-09-14,4.696181924977905
2023-09-15,4.615769718405948
2023-09-18,4.6205808104512505
2023-09-19,4.610733341093176
2023-09-20,4.5442907466194615
2023-09-21,4.46101837990819
2023-09-22,4.461641861699701
2023-09-25,4.482833695859706
2023-09-26,4.415517687733647
2023-09-27,4.4258646357103695
2023-09-28,4.4628880550766805
2023-09-29,4.466129082104077
2023-10-02,4.5034020482282004
2023-10-03,4.424368510472555
2023-10-04,4.484578597649289
2023-10-05,4.471364557678869
2023-10-06,4.546285195166858
2023-10-09,4.569470322565195
2023-10-10,4.5947769825079625
2023-10-11,4.627561958021668
2023-10-12,4.611481211160571
2023-10-13,4.553514349083004
2023-10-16,4.6049995422088
2023-10-17,4.589914671760826
2023-10-18,4.5297049696871134
2023-10-19,4.487321301367103
2023-10-20,4.420379998480785
2023-10-23,4.433718811830111
2023-10-24,4.476849965114496
2023-10-25,4.367274676944312
2023-10-26,4.284003850645126
2023-10-27,4.304572588116641
2023-10-30,4.353064760560768
2023-10-31,4.373882274584054
2023-11-01,4.449798788485166
2023-11-02,4.530577998236437
2023-11-03,4.583806937842751
2023-11-06,4.602505615042756
2023-11-07,4.64601108846386
2023-11-08,4.649002953836465
2023-11-09,4.613225342744112
2023-11-10,4.716941673547993
2023-11-13,4.7022318934427805
2023-11-14,4.803454297080618
2023-11-15,4.807069644244734
2023-11-16,4.811183699821454
2023-11-17,4.812305119819526
2023-11-20,4.87089392327652
2023-11-21,4.842596938373232
2023-11-22,4.862417805777352
2023-11-24,4.855562201791882
2023-11-27,4.851322987733234
2023-11-28,4.8640383192910495
2023-11-29,4.85930116702584
2023-11-30,4.84708492898365
2023-12-01,4.860921680539538
2023-12-04,4.8157960787077565
2023-12-05,4.827887158268019
2023-12-06,4.7999637232954075
2023-12-07,4.867030184663653
2023-12-08,4.888721112339284
2023-12-11,4.93048052866174
2023-12-12,4.969748713539302
2023-12-13,5.03295028098562
2023-12-14,5.028586678651087
2023-12-15,5.052895921768647
2023-12-18,5.084722375862297
2023-12-19,5.110702195886326
2023-12-20,5.034759109876743
2023-12-21,5.0933402112733095
2023-12-22,5.1009602447560916
2023-12-26,5.132187093445553
2023-12-27,5.142634553310837
2023-12-28,5.140134464496453
2023-12-29,5.117889373573148
2024-01-02,5.031284325315407
2024-01-03,4.978044987927516
2024-01-04,4.952426009434461
2024-01-05,4.958299600715574
2024-01-08,5.060777055099881
2024-01-09,5.070774714636269
2024-01-10,5.105142848670606
2024-01-11,5.11576553041059
2024-01-12,5.118390007500858
2024-01-16,5.117889373573147
2024-01-17,5.089021280889248
2024-01-18,5.161255439700534
2024-01-19,5.263608120705935
2024-01-22,5.270482209636427
2024-01-23,5.29235221021697
2024-01-24,5.3217205517255595
2024-01-25,5.328219165210268
2024-01-26,5.296475893369222
2024-01-29,5.350713802891386
2024-01-30,5.315096779758922
2024-01-31,5.210994575727683
2024-02-01,5.272356891144195
2024-02-02,5.361462413319342
2024-02-05,5.354463936112964
2024-02-06,5.343715710788031
2024-02-07,5.3987034158926965
2024-02-08,5.4087022307381485
2024-02-09,5.461940027713954
2024-02-12,5.440569505752058
2024-02-13,5.355713210314113
2024-02-14,5.414075573194573
2024-02-15,5.430196755872909
2024-02-16,5.38095786867045
2024-02-20,5.340341823218281
2024-02-21,5.318971301256385
2024-02-22,5.47468770792556
2024-02-23,5.458566140144203
2024-02-26,5.4556917311931
2024-02-27,5.468814116644446
2024-02-28,5.439694936790649
2024-02-29,5.486310117108881
2024-03-01,5.568916255593275
2024-03-04,5.549046095002427
2024-03-05,5.449443049569224
2024-03-06,5.483685640018611
2024-03-07,5.566917185809623
2024-03-08,5.486559663866694
2024-03-11,5.466189639554178
2024-03-12,5.544547706610435
2024-03-13,5.50193143606555
2024-03-14,5.488059640134721
2024-03-15,5.422823958529812
2024-03-18,5.474543294292569
2024-03-19,5.488183258204565
2024-03-20,5.553255271025415
2024-03-21,5.579534316097006
2024-03-22,5.585916243366257
2024-03-25,5.565644035221155
2024-03-26,5.547624679750752
2024-03-27,5.566520144594649
2024-03-28,5.55625868948866
2024-04-01,5.568022046377782
2024-04-02,5.519968891377956
2024-04-03,5.5323572704706745
2024-04-04,5.447764000396289
2024-04-05,5.511959518740624
2024-04-08,5.513586579005684
2024-04-09,5.533984715838757
2024-04-10,5.485680858772055
2024-04-11,5.573276777103643
2024-04-12,5.484428888849756
2024-04-15,5.394204257294665
2024-04-16,5.394705276325397
2024-04-17,5.328882312612981
2024-04-18,5.298474192946838
2024-04-19,5.188853077517116
2024-04-22,5.241035692214516
2024-04-23,5.319247805225694
2024-04-24,5.337267545799118
2024-04-25,5.3114887495522165
2024-04-26,5.3934540766091414
2024-04-29,5.415352959916283
2024-04-30,5.313240583196183
2024-05-01,5.274823090892707
2024-05-02,5.342147186182214
2024-05-03,5.449515834040257
2024-05-06,5.509206802344257
2024-05-07,5.510082911717751
2024-05-08,5.506828791187629
2024-05-09,5.518842079937586
2024-05-10,5.5318566365429644
2024-05-13,5.544620876184488
2024-05-14,5.580285266988575
2024-05-15,5.6675068651834435
2024-05-16,5.655993825258177
2024-05-17,5.653240723758787
2024-05-20,5.692659483917685
2024-05-21,5.703796663294148
2024-05-22,5.7026702369567985
2024-05-23,5.677016984294846
2024-05-24,5.730701115672356
2024-05-28,5.752350452221685
2024-05-29,5.711805265725437
2024-05-30,5.650612780741326
2024-05-31,5.64010100867148
2024-06-03,5.670384740061737
2024-06-04,5.6859020812026495
2024-06-05,5.800528380600417
2024-06-06,5.798526229992595
2024-06-07,5.7933955024395996
2024-06-10,5.816796672632895
2024-06-11,5.856715296513461
2024-06-12,5.933424352432442
2024-06-13,5.965585846154637
2024-06-14,5.99649459974849
2024-06-17,6.069951075549434
2024-06-18,6.0718280676753285
2024-06-20,6.025026112391759
2024-06-21,6.008882978841208
2024-06-24,5.940474433443675
2024-06-25,6.0084069915068605
2024-06-26,6.020815781059708
2024-06-27,6.036356998587943
2024-06-28,6.005023091258556
2024-07-01,6.040243073176044
2024-07-02,6.103663379138469
2024-07-03,6.154549737066118
2024-07-05,6.218722534332194
2024-07-08,6.233512415865841
2024-07-09,6.2389015475461385
2024-07-10,6.303951224391752
2024-07-11,6.165705016284583
2024-07-12,6.201927806469578
2024-07-15,6.218597375850267
2024-07-16,6.220978467831065
2024-07-17,6.038362615122957
2024-07-18,6.009785660323173
2024-07-19,5.956517440208684
2024-07-22,6.045256344307537
2024-07-23,6.0239485941381155
2024-07-24,5.807867673980658
2024-07-25,5.743820420299531
2024-07-26,5.8027288592642154
2024-07-29,5.814385157513413
2024-07-30,5.734545599134154
2024-07-31,5.904252028361703
2024-08-01,5.761242480983873
2024-08-02,5.624499715071922
2024-08-05,5.456798517276367
2024-08-06,5.5089387706414215
2024-08-07,5.449278610579126
2024-08-08,5.615977385210196
2024-08-09,5.645305676004569
2024-08-12,5.657463378387519
2024-08-13,5.797840746614653
2024-08-14,5.799720819564717
2024-08-15,5.946240195878822
2024-08-16,5.9538856461610115
2024-08-19,6.032095448554061
2024-08-20,6.0194371122434
2024-08-21,6.04751227780641
2024-08-22,5.951629712662142
2024-08-23,6.016178370477023
2024-08-26,5.95777095054307
2024-08-27,5.975568486673195
2024-08-28,5.907761472194958
2024-08-29,5.899113598748283
2024-08-30,5.969427248792266
2024-09-03,5.7881896797974495
2024-09-04,5.773149096196927
2024-09-05,5.778538998083267
2024-09-06,5.623747608871292
2024-09-09,5.69606687545029
2024-09-10,5.74870891805212
2024-09-11,5.8735446836479985
2024-09-12,5.931199997381321
2024-09-13,5.95777095054307
2024-09-16,5.9314503143451764
2024-09-17,5.934583127423583
2024-09-18,5.908889438944392
2024-09-19,6.058291311373048
2024-09-20,6.0467605567088
2024-09-23,6.0627885444559775
2024-09-24,6.092032497688681
2024-09-25,6.097680803702326
2024-09-26,6.143493429324134
2024-09-27,6.109353661381438
2024-09-30,6.125921563564501
2024-10-01,6.040572336259271
2024-10-02,6.0491077596237215
2024-10-03,6.044588575668577
2024-10-04,6.1165077202084275
2024-10-07,6.050990143191915
2024-10-08,6.14135918838
2024-10-09,6.189681915494748
2024-10-10,6.182653400252708
2024-10-11,6.192317175469615
2024-10-14,6.244280281444865
2024-10-15,6.16081382281085
2024-10-16,6.161567084320544
2024-10-17,6.165834410899748
2024-10-18,6.20624943257479
2024-10-21,6.218173377423801
2024-10-22,6.2249515757019855
2024-10-23,6.129561172218959
2024-10-24,6.1792644936651255
2024-10-25,6.216918326677331
2024-10-28,6.217922290253902
2024-10-29,6.277666787877865
2024-10-30,6.230222865857761
2024-10-31,6.072954879115702
2024-11-01,6.117888314539846
2024-11-04,6.1000657467133355
2024-11-05,6.177883514230686
2024-11-06,6.345694466387316
2024-11-07,6.445602898516423
2024-11-08,6.453133973201282
2024-11-11,6.449369591167916
2024-11-12,6.437695963282761
2024-11-13,6.429412397294251
2024-11-14,6.384729663936984
2024-11-15,6.232607808868772
2024-11-18,6.275909177688578
2024-11-19,6.319085773129478
2024-11-20,6.3154465495780405
2024-11-21,6.338164547011521
2024-11-22,6.348330496568225
2024-11-25,6.358371672746021
2024-11-26,6.3925114406887165
2024-11-27,6.342180401317806
2024-11-29,6.3979078893264205
2024-12-02,6.467567249337188
2024-12-03,6.487399284728927
2024-12-04,6.5676023803603085
2024-12-05,6.549402411572908
2024-12-06,6.608016631829307
2024-12-09,6.556557625708961
2024-12-10,6.534214718618242
2024-12-11,6.651193612373229
2024-12-12,6.608269259411291
2024-12-13,6.658850230643036
2024-12-16,6.7547408829507525
2024-12-17,6.724994755378252
2024-12-18,6.482378311537007
2024-12-19,6.45351098905915
2024-12-20,6.509865424786467
2024-12-23,6.573289581779106
2024-12-24,6.662421676062723
2024-12-26,6.657895945356216
2024-12-27,6.569391568997344
2024-12-30,6.482020165727183
2024-12-31,6.426956595327319
2025-01-02,6.414385292299475
2025-01-03,6.519358214261911
2025-01-06,6.5942838580891765
2025-01-07,6.476614089513948
2025-01-08,6.477745522190575
2025-01-10,6.3761676684640625
2025-01-13,6.35567595159681
2025-01-14,6.349641387252786
2025-01-15,6.4957229014316535
2025-01-16,6.450214507196684
2025-01-17,6.559083131322754
2025-01-21,6.597552612534107
2025-01-22,6.681908659147362
2025-01-23,6.696113569191629
2025-01-24,6.658272576111064
2025-01-27,6.4644209576530365
2025-01-28,6.559963476829482
2025-01-29,6.54764403117758
2025-01-30,6.575551676926317
2025-01-31,6.565997270967464
2025-02-03,6.513449193502836
2025-02-04,6.593403512582447
2025-02-05,6.6233244769266255
2025-02-06,6.657895945356217
2025-02-07,6.573918069909895
2025-02-10,6.653496528440702
2025-02-11,6.637655700761885
2025-02-12,6.641553713543646
2025-02-13,6.737097002926134
2025-02-14,6.765383590047846
2025-02-18,6.78071993276874
2025-02-19,6.782606937573189
2025-02-20,6.753816635699596
2025-02-21,6.613645297588866
2025-02-24,6.535574902489533
2025-02-25,6.453231019162654
2025-02-26,6.46881960436251
2025-02-27,6.289172125742707
2025-02-28,6.388487884322008
2025-03-03,6.248692021657061
2025-03-04,6.2298346820122745
2025-03-05,6.311046747559504
2025-03-06,6.137434218386746
2025-03-07,6.182565981866868
2025-03-10,5.942952186282825
2025-03-11,5.928746120929494
2025-03-12,5.995626962641467
2025-03-13,5.887762687194989
2025-03-14,6.030072887486108
2025-03-17,6.069170086622206
2025-03-18,5.96570676850333
2025-03-19,6.045535929101015
2025-03-20,6.025044597336784
2025-03-21,6.044907055867206
2025-03-24,6.177558487280695
2025-03-25,6.212811202954995
2025-03-26,6.098491445562196
2025-03-27,6.063742059536756
2025-03-28,5.904097216947134
2025-03-31,5.903845744674214
2025-04-01,5.951436776048461
2025-04-02,5.994873316028749
2025-04-03,5.67394655790589
2025-04-04,5.3215437894387785
2025-04-07,5.334385819890607
2025-04-08,5.2383218712233
2025-04-09,5.867081499641247
2025-04-10,5.61754167368278
2025-04-11,5.7210338745282545
2025-04-14,5.759812208362703
2025-04-15,5.766233031037107
2025-04-16,5.592360942427981
2025-04-17,5.591353898027239
2025-04-21,5.452986382468354
2025-04-22,5.59613841796407
2025-04-23,5.723048348432758
2025-04-24,5.884078406590053
2025-04-25,5.949674159519893
2025-04-28,5.9477852292003375
2025-04-29,5.987067277786667
2025-04-30,5.986311705658845
2025-05-01,6.064497631664573
2025-05-02,6.154518158618368
2025-05-05,6.118006156064364
2025-05-06,6.061097942192395
2025-05-07,6.08489384298254
2025-05-08,6.147719549880053
2025-05-09,6.143690602071044
2025-05-12,6.393986000157333
2025-05-13,6.491435164392315
2025-05-14,6.530339041811712
2025-05-15,6.537515051510916
2025-05-16,6.565969543549923
2025-05-19,6.572265207742399
2025-05-20,6.550357467065767
2025-05-21,6.459328740402168
2025-05-22,6.4714159689322175
2025-05-23,6.411485851651981
2025-05-27,6.562317996701805
2025-05-28,6.533233476119926
2025-05-29,6.54607666188082
2025-05-30,6.535752820085377
2025-06-02,6.587372799268633
2025-06-03,6.6388664646608975
2025-06-04,6.657375286071394
2025-06-05,6.607264910731697
2025-06-06,6.671853619260795
2025-06-09,6.681674516510399
2025-06-10,6.72586662861851
2025-06-11,6.703203315814056
2025-06-12,6.718940935883161
2025-06-13,6.634587199888034
2025-06-16,6.726873287916231
2025-06-17,6.661278690295455
2025-06-18,6.660144176794657
2025-06-20,6.632949741841397
2025-06-23,6.701153027328568
2025-06-24,6.803626630682662
2025-06-25,6.8210201937434265
2025-06-26,6.8847986455156756
2025-06-27,6.908370031244393
2025-06-30,6.953115151291114
2025-07-01,6.894504782064928
2025-07-02,6.942527128823049
2025-07-03,7.010843634598488
2025-07-07,6.958031376461237
2025-07-08,6.961938631715511
2025-07-09,7.0112218057654205
2025-07-10,7.001138268255279
2025-07-11,6.985382933447195
2025-07-14,7.01071809101354
2025-07-15,7.017145460439306
2025-07-16,7.0243299424049805
2025-07-17,7.08117653979354
2025-07-18,7.074370228994799
2025-07-21,7.111048981157033
2025-07-22,7.074243915203808
2025-07-23,7.106511697359886
2025-07-24,7.121637003625097
2025-07-25,7.13877870930992
2025-07-28,7.161088497540806
2025-07-29,7.149996760320859
2025-07-30,7.15957658307912
2025-07-31,7.121637003625097
2025-08-01,6.981349364401931
2025-08-04,7.110166325032175
2025-08-05,7.061892120898113
2025-08-06,7.150753102654725
2025-08-07,7.1749537467202735
2025-08-08,7.241883111412931
2025-08-11,7.220455209100859
2025-08-12,7.3112070466921315
2025-08-13,7.314863214776507
2025-08-14,7.309191417478563
2025-08-15,7.277049949113477
2025-08-18,7.274150123362966
2025-08-19,7.1754582316781965
2025-08-20,7.132855054636035
2025-08-21,7.0998317003521345
2025-08-22,7.209363471880911
2025-08-25,7.188566368317755
2025-08-26,7.217430609971442
2025-08-27,7.228522347191388
2025-08-28,7.273772722402076
2025-08-29,7.189575338233603
2025-09-02,7.129325200342652
2025-09-03,7.185415455397347
2025-09-04,7.250453964255343
2025-09-05,7.260915672932417
2025-09-08,7.296334368008904
2025-09-09,7.317005927987111
2025-09-10,7.319400498573655
2025-09-11,7.362003675615815
2025-09-12,7.394522544941792
2025-09-15,7.4577972819621605
2025-09-16,7.451494685915301
2025-09-17,7.436622007232073
2025-09-18,7.503677685715722
2025-09-19,7.554472774227319
2025-09-22,7.5991955582988036
2025-09-23,7.548719335088856
2025-09-24,7.522218855780008
2025-09-25,7.489788560148935
2025-09-26,7.5205783169092015
2025-09-29,7.555407034157032
2025-09-30,7.57610247052256
2025-10-01,7.612445412850205
2025-10-02,7.643740424774439
2025-10-03,7.611561986519305
2025-10-06,7.668726679003472
2025-10-07,7.628345546394305
2025-10-08,7.715795510680814
2025-10-09,7.7064575326199405
2025-10-10,7.438933395566011
2025-10-13,7.596797906888089
2025-10-14,7.546195369887149
2025-10-15,7.599447415674743
2025-10-16,7.571307167701131
2025-10-17,7.621026278371171
2025-10-20,7.717057108178646
2025-10-21,7.715038398140907
2025-10-22,7.640711974614809
2025-10-23,7.704943307540125
2025-10-24,7.78721902763223
2025-10-27,7.925903097874637
2025-10-28,7.986852582852299
2025-10-29,8.022817354013013
2025-10-30,7.900159731105698
2025-10-31,7.938269526095143
2025-11-03,7.976253007293595
2025-11-04,7.814350305689996
2025-11-05,7.865205470272919
2025-11-06,7.865205470272919
