Date,TLT
2014-01-02,1.0
2014-01-03,1.0
2014-01-06,1.0042089480911442
2014-01-07,1.0067529609388859
2014-01-08,1.0040128682521923
2014-01-09,1.009885931169003
2014-01-10,1.0219233052989756
2014-01-13,1.0270129718299315
2014-01-14,1.0223158751857475
2014-01-15,1.021239076906984
2014-01-16,1.0280904879742139
2014-01-17,1.0323972708804001
2014-01-21,1.0331801545051698
2014-01-22,1.0306349110308237
2014-01-23,1.0452187592617466
2014-01-24,1.0519720278572837
2014-01-27,1.0446316478192779
2014-01-28,1.0471761734281047
2014-01-29,1.0557897392404771
2014-01-30,1.0527552191387044
2014-01-31,1.0598025049404525
2014-02-03,1.0727156750038196
2014-02-04,1.0613327891229012
2014-02-05,1.0515199776846371
2014-02-06,1.0470065520611453
2014-02-07,1.0478897317541656
2014-02-10,1.0508340059049561
2014-02-11,1.0447494803166397
2014-02-12,1.0393526698956936
2014-02-13,1.0452403977795388
2014-02-14,1.045828739848612
2014-02-18,1.0481841591692445
2014-02-19,1.0437686709130116
2014-02-20,1.041217274305644
2014-02-21,1.0467119195416321
2014-02-24,1.0440627906714397
2014-02-25,1.0533851974078896
2014-02-26,1.0589779851155707
2014-02-27,1.064768083288808
2014-02-28,1.065356527910098
2014-03-03,1.0724683190563549
2014-03-04,1.0563362400050038
2014-03-05,1.0585985419125776
2014-03-06,1.0481715452465503
2014-03-07,1.0415818474371683
2014-03-10,1.0430564457657723
2014-03-11,1.0458116136283686
2014-03-12,1.0530900521272912
2014-03-13,1.0672548719994497
2014-03-14,1.0674513620472699
2014-03-17,1.0594830547844192
2014-03-18,1.0633203536410645
2014-03-19,1.0550567985453987
2014-03-20,1.0531885022556353
2014-03-21,1.0645986670262824
2014-03-24,1.0721726610146713
2014-03-25,1.0681394874235082
2014-03-26,1.076500774781999
2014-03-27,1.0819109169911583
2014-03-28,1.0758129570624115
2014-03-31,1.0731568546414614
2014-04-01,1.0639847894551702
2014-04-02,1.0578708313805676
2014-04-03,1.0625056788290173
2014-04-04,1.0696060866791843
2014-04-07,1.0760164206609895
2014-04-08,1.0785801235344001
2014-04-09,1.0732550996653716
2014-04-10,1.0832155862961519
2014-04-11,1.0919929279991136
2014-04-14,1.0891325415618494
2014-04-15,1.095937086265899
2014-04-16,1.097317644211491
2014-04-17,1.0852860130056718
2014-04-21,1.0843993465372728
2014-04-22,1.08804835952346
2014-04-23,1.0942608702786238
2014-04-24,1.0963311944359269
2014-04-25,1.0979091653992923
2014-04-28,1.0925841415302637
2014-04-29,1.0911048257996767
2014-04-30,1.0956417358808672
2014-05-01,1.1073952454741143
2014-05-02,1.114216608741756
2014-05-05,1.1074945160201946
2014-05-06,1.1119426158814414
2014-05-07,1.1079885100496043
2014-05-08,1.1032439317289378
2014-05-09,1.0996844468282134
2014-05-12,1.0952359367580984
2014-05-13,1.1047261189216016
2014-05-14,1.1166883222764947
2014-05-15,1.1255851373122905
2014-05-16,1.1224217090737172
2014-05-19,1.1141176458523265
2014-05-20,1.1165895644914996
2014-05-21,1.1097677910149897
2014-05-22,1.1081864358284625
2014-05-23,1.1141176458523265
2014-05-27,1.1206422230038977
2014-05-28,1.1344826702136057
2014-05-29,1.1284521896436615
2014-05-30,1.1279578879576004
2014-06-02,1.119573321245845
2014-06-03,1.1057959436496074
2014-06-04,1.1054992600857538
2014-06-05,1.1059944847417682
2014-06-06,1.1059944847417682
2014-06-09,1.104408822362126
2014-06-10,1.1003449856580723
2014-06-11,1.1023264995954314
2014-06-12,1.1121394135859126
2014-06-13,1.111544713279384
2014-06-16,1.1143194686154323
2014-06-17,1.1054992600857543
2014-06-18,1.1140219646338425
2014-06-19,1.099750593008195
2014-06-20,1.108076089642944
2014-06-23,1.1046064404843337
2014-06-24,1.1158063732100794
2014-06-25,1.1186810144055102
2014-06-26,1.1240332146120504
2014-06-27,1.1223478714774597
2014-06-30,1.125122729365725
2014-07-01,1.1157034107841863
2014-07-02,1.1037785364362902
2014-07-03,1.0998042278176994
2014-07-07,1.1078532436753488
2014-07-08,1.1202741630969952
2014-07-09,1.121167905668369
2014-07-10,1.1214666402765632
2014-07-11,1.1286208880406685
2014-07-14,1.1237511960152315
2014-07-15,1.1214666402765632
2014-07-16,1.1274285134133175
2014-07-17,1.1416377383954477
2014-07-18,1.1379614465195318
2014-07-21,1.1436253029136112
2014-07-22,1.1460105649293981
2014-07-23,1.1445198659027211
2014-07-24,1.1359736768969342
2014-07-25,1.1493891477192901
2014-07-28,1.147798973042099
2014-07-29,1.1519720278572847
2014-07-30,1.1359736768969344
2014-07-31,1.1325951966592593
2014-08-01,1.1413628984538204
2014-08-04,1.1383740140886238
2014-08-05,1.1420608688428935
2014-08-06,1.1427581213664473
2014-08-07,1.1534176039084707
2014-08-08,1.1509270207657991
2014-08-11,1.1508278527719358
2014-08-12,1.1433554880306187
2014-08-13,1.1508278527719358
2014-08-14,1.160093343027937
2014-08-15,1.1727465432211455
2014-08-18,1.161090253129638
2014-08-19,1.157502874025883
2014-08-20,1.1556104779651186
2014-08-21,1.1620859326047348
2014-08-22,1.1685619000054361
2014-08-25,1.1729454945221742
2014-08-26,1.1691599845351266
2014-08-27,1.1791223171058134
2014-08-28,1.1852995498983208
2014-08-29,1.1860968933856908
2014-09-02,1.1656360852537102
2014-09-03,1.172126820173663
2014-09-04,1.1578474494750877
2014-09-05,1.1556500631208908
2014-09-08,1.1561495949700202
2014-09-09,1.1552505196833611
2014-09-10,1.147961620858302
2014-09-11,1.1441665735150708
2014-09-12,1.1321838597167724
2014-09-15,1.1338816116696229
2014-09-16,1.1292879902124173
2014-09-17,1.1263919156036284
2014-09-18,1.1299870886758776
2014-09-19,1.1443666528904866
2014-09-22,1.1457645421607559
2014-09-23,1.1528541820281353
2014-09-24,1.1464626151020456
2014-09-25,1.1600448358292845
2014-09-26,1.1583467762197828
2014-09-29,1.167632879471406
2014-09-30,1.1610430791098068
2014-10-01,1.1835562647611109
2014-10-02,1.173245664861407
2014-10-03,1.1782513411266193
2014-10-06,1.178952182977769
2014-10-07,1.1948685947167161
2014-10-08,1.1951689701603825
2014-10-09,1.1899633170719712
2014-10-10,1.2017755890855737
2014-10-13,1.2090833575185655
2014-10-14,1.2169920819433246
2014-10-15,1.226602455305181
2014-10-16,1.2187941295008897
2014-10-17,1.2119865082303292
2014-10-20,1.2163916387126423
2014-10-21,1.2066813794914033
2014-10-22,1.2079829722298858
2014-10-23,1.1972710855049626
2014-10-24,1.1984721770707607
2014-10-27,1.200675306349111
2014-10-28,1.193166843227401
2014-10-29,1.1958694018026634
2014-10-30,1.1968711318585648
2014-10-31,1.193767594114734
2014-11-03,1.1937676966669513
2014-11-04,1.1974802920276941
2014-11-05,1.1957739256886135
2014-11-06,1.188047128896857
2014-11-07,1.201695495804077
2014-11-10,1.1906565700590608
2014-11-11,1.1914595539183672
2014-11-12,1.1904558753703425
2014-11-13,1.1932658061168302
2014-11-14,1.199085952089656
2014-11-17,1.1960760445199692
2014-11-18,1.1993868402944077
2014-11-19,1.1917602370186846
2014-11-20,1.197982285130032
2014-11-21,1.2052081143416207
2014-11-24,1.206210664815258
2014-11-25,1.2162460145644667
2014-11-26,1.2195574256522073
2014-11-28,1.2291907707106775
2014-12-01,1.2220199094874142
2014-12-02,1.210151541411099
2014-12-03,1.2148787884070882
2014-12-04,1.2250369957122926
2014-12-05,1.2178960797364007
2014-12-08,1.2327821493508966
2014-12-09,1.2391181329753587
2014-12-10,1.2481703146199477
2014-12-11,1.2532992586500242
2014-12-12,1.2702972886219352
2014-12-15,1.2676825147444462
2014-12-16,1.2833722860837677
2014-12-17,1.2718062419432425
2014-12-18,1.24917614676453
2014-12-19,1.2659725590777695
2014-12-22,1.2676825147444462
2014-12-23,1.2425373264431927
2014-12-24,1.2493005426037813
2014-12-26,1.2539377487532226
2014-12-29,1.2633109188371001
2014-12-30,1.2667373935123427
2014-12-31,1.269156702864182
2015-01-02,1.2832670675091
2015-01-05,1.3034260644663758
2015-01-06,1.3269095991951712
2015-01-07,1.3242890823935287
2015-01-08,1.3067515252078488
2015-01-09,1.3210645330336086
2015-01-12,1.3286236569505292
2015-01-13,1.3286236569505292
2015-01-14,1.3387017709742373
2015-01-15,1.359767432082232
2015-01-16,1.3424310823463552
2015-01-20,1.3602713736766934
2015-01-21,1.3445481703146214
2015-01-22,1.3397107822375474
2015-01-23,1.3583563135759666
2015-01-26,1.354223869438723
2015-01-27,1.3563405471981211
2015-01-28,1.37851469521994
2015-01-29,1.3694430286541164
2015-01-30,1.3937335467786824
2015-02-02,1.3884711823142561
2015-02-03,1.359082485824721
2015-02-04,1.3614053960925567
2015-02-05,1.3464577951478456
2015-02-06,1.3226237369412583
2015-02-09,1.3205020341232259
2015-02-10,1.3099995590254678
2015-02-11,1.3124232781226393
2015-02-12,1.3080809095971453
2015-02-13,1.2946484151067632
2015-02-17,1.2751556999034994
2015-02-18,1.2827303092051905
2015-02-19,1.274247292365091
2015-02-20,1.2779837823924005
2015-02-23,1.2926281364313683
2015-02-24,1.3095955032903888
2015-02-25,1.3152506427460213
2015-02-26,1.2972734442059546
2015-02-27,1.3081807954565277
2015-03-02,1.283814901452448
2015-03-03,1.2791593384561593
2015-03-04,1.2795647273700594
2015-03-05,1.277945427863233
2015-03-06,1.249713417829524
2015-03-09,1.2612490039615927
2015-03-10,1.2778451317949822
2015-03-11,1.2871537965343507
2015-03-12,1.2862434405038188
2015-03-13,1.2822966158793905
2015-03-16,1.2946422619737405
2015-03-17,1.3053677881435282
2015-03-18,1.3305646627621621
2015-03-19,1.3237853459035005
2015-03-20,1.3307671008385695
2015-03-23,1.3291480064361771
2015-03-24,1.3419999528259803
2015-03-25,1.330666497113668
2015-03-26,1.3099210040272256
2015-03-27,1.3262130645371355
2015-03-30,1.3196359806504476
2015-03-31,1.3224694984068515
2015-04-01,1.3398396903743464
2015-04-02,1.3256437971804294
2015-04-06,1.318240757737821
2015-04-07,1.3292941433454377
2015-04-08,1.329699429707121
2015-04-09,1.312461222442937
2015-04-10,1.3143876658397537
2015-04-13,1.3162139157205368
2015-04-14,1.3255419628289231
2015-04-15,1.3244263998121242
2015-04-16,1.317835881585006
2015-04-17,1.3329440793015783
2015-04-20,1.3211816476654499
2015-04-21,1.3151993666375075
2015-04-22,1.2951211808272474
2015-04-23,1.3006984831501578
2015-04-24,1.3088110813823628
2015-04-27,1.3088110813823628
2015-04-28,1.2907608656637741
2015-04-29,1.274941878531001
2015-04-30,1.277172902012382
2015-05-01,1.2599804330369917
2015-05-04,1.2480917596217056
2015-05-05,1.2463640624214836
2015-05-06,1.2250262277295043
2015-05-07,1.2414869866364209
2015-05-08,1.2448400339242738
2015-05-11,1.2145599535643565
2015-05-12,1.2177099474624997
2015-05-13,1.2079550780268549
2015-05-14,1.2112071113809377
2015-05-15,1.2354920916857843
2015-05-18,1.214762904401849
2015-05-19,1.2039922552565705
2015-05-20,1.2060247376457909
2015-05-21,1.2228919109887777
2015-05-22,1.2234001597763542
2015-05-26,1.2443319902411312
2015-05-27,1.2471776091591438
2015-05-28,1.2441292445080727
2015-05-29,1.24687231120906
2015-06-01,1.2334716079059558
2015-06-02,1.216262012710322
2015-06-03,1.1967111504000052
2015-06-04,1.212291088314893
2015-06-05,1.1975258252120524
2015-06-08,1.1962016709858243
2015-06-09,1.186731383952424
2015-06-10,1.1763453056209896
2015-06-11,1.2010896173058918
2015-06-12,1.2010896173058918
2015-06-15,1.203023341910117
2015-06-16,1.2124945519134707
2015-06-17,1.2031263043360103
2015-06-18,1.1972196042920153
2015-06-19,1.2125957709516741
2015-06-22,1.187851049057904
2015-06-23,1.1807235674224423
2015-06-24,1.1909058744986478
2015-06-25,1.186731383952424
2015-06-26,1.1733911864573645
2015-06-29,1.2044501509055874
2015-06-30,1.1960994264254503
2015-07-01,1.1799548360036223
2015-07-02,1.1838329506426435
2015-07-06,1.2057746127884668
2015-07-07,1.2171028383377107
2015-07-08,1.2276139278216986
2015-07-09,1.203426987436328
2015-07-10,1.1843425326090413
2015-07-13,1.1806694198518533
2015-07-14,1.1845472268342234
2015-07-15,1.1971003360636152
2015-07-16,1.2053666600691406
2015-07-17,1.2115916821947814
2015-07-20,1.2064888889800462
2015-07-21,1.2130204396823752
2015-07-22,1.220572897705189
2015-07-23,1.2357782123712842
2015-07-24,1.2388402164672199
2015-07-27,1.2454737040732717
2015-07-28,1.2363910644202265
2015-07-29,1.2317982633807574
2015-07-30,1.2412897787230817
2015-07-31,1.250474970593152
2015-08-03,1.263637445096107
2015-08-04,1.2536145041651585
2015-08-05,1.2442044152831522
2015-08-06,1.2552510324444452
2015-08-07,1.2717174317232982
2015-08-10,1.2559665392626296
2015-08-11,1.2759110995341059
2015-08-12,1.2689555979665952
2015-08-13,1.2648644823728128
2015-08-14,1.2678306001458297
2015-08-17,1.273558756779984
2015-08-18,1.2635353030879504
2015-08-19,1.2760131389900458
2015-08-20,1.2888999531336374
2015-08-21,1.2927867847111059
2015-08-24,1.2923773962607417
2015-08-25,1.2716154948195753
2015-08-26,1.2470690063613143
2015-08-27,1.2477844106272813
2015-08-28,1.2514660352184825
2015-08-31,1.2418519699768131
2015-09-01,1.2508009840910748
2015-09-02,1.2400383340187242
2015-09-03,1.2460857357044774
2015-09-04,1.2574630837656764
2015-09-08,1.238910464735882
2015-09-09,1.244855109100176
2015-09-10,1.2364509549149687
2015-09-11,1.2442404111113277
2015-09-14,1.2461880828170684
2015-09-15,1.2223059276206962
2015-09-16,1.217693128898907
2015-09-17,1.2325557140557042
2015-09-18,1.251517926640297
2015-09-21,1.231120905987306
2015-09-22,1.2482375888743151
2015-09-23,1.2481359596272432
2015-09-24,1.2566430762383436
2015-09-25,1.2457780790534019
2015-09-28,1.2670983773162698
2015-09-29,1.2706854487633739
2015-09-30,1.26627826723672
2015-10-01,1.2716806154773856
2015-10-02,1.2793840303636603
2015-10-05,1.26202573445334
2015-10-06,1.2674695137896836
2015-10-07,1.263258617206416
2015-10-08,1.2526791253936722
2015-10-09,1.2559656162926758
2015-10-12,1.2655178425474791
2015-10-13,1.2676755411936873
2015-10-14,1.2787674864349055
2015-10-15,1.2725021612879739
2015-10-16,1.2729133956782446
2015-10-19,1.2694211850318888
2015-10-20,1.261615012824155
2015-10-21,1.2741463809835374
2015-10-22,1.2763029515553583
2015-10-23,1.2654151877782371
2015-10-26,1.2738371860492068
2015-10-27,1.2770218425967044
2015-10-28,1.2718858224636531
2015-10-29,1.251651859835732
2015-10-30,1.2611016364257273
2015-11-02,1.2553061029849875
2015-11-03,1.2450117063355735
2015-11-04,1.2464530777458611
2015-11-05,1.243159408191666
2015-11-06,1.224939878762769
2015-11-09,1.2180433447200478
2015-11-10,1.2216461066563569
2015-11-11,1.2190720460090267
2015-11-12,1.224939878762769
2015-11-13,1.2319398879924683
2015-11-16,1.230807301307643
2015-11-17,1.2328658319599881
2015-11-18,1.23543948239845
2015-11-19,1.243674117768915
2015-11-20,1.2398657386374707
2015-11-23,1.243674117768915
2015-11-24,1.243572180865192
2015-11-25,1.2464530777458611
2015-11-27,1.2452179388440108
2015-11-30,1.250158699555846
2015-12-01,1.2670459731333699
2015-12-02,1.267458130493594
2015-12-03,1.233004380005189
2015-12-04,1.2438359451673806
2015-12-07,1.255905110484631
2015-12-08,1.2565235003532924
2015-12-09,1.2551825275634723
2015-12-10,1.2568331054964914
2015-12-11,1.2766391177227667
2015-12-14,1.2601348766758316
2015-12-15,1.2527072247011375
2015-12-16,1.25002517656928
2015-12-17,1.2641576924930757
2015-12-18,1.2711718539287247
2015-12-21,1.2708620436810918
2015-12-22,1.2616816717652215
2015-12-23,1.2521911819450673
2015-12-24,1.2593652222870584
2015-12-28,1.2630866371384655
2015-12-29,1.242102505043006
2015-12-30,1.2408614181125681
2015-12-31,1.2464440531507637
2016-01-04,1.255436857061695
2016-01-05,1.2503720081672591
2016-01-06,1.2672214399767006
2016-01-07,1.2694956379414495
2016-01-08,1.2751807226444531
2016-01-11,1.2612263399216301
2016-01-12,1.2794190006696666
2016-01-13,1.2920304621105458
2016-01-14,1.2799356587390391
2016-01-15,1.299886987456839
2016-01-19,1.295855352148931
2016-01-20,1.3094996169674702
2016-01-21,1.300610288243517
2016-01-22,1.2956480941183235
2016-01-25,1.3026776383865262
2016-01-26,1.303297976747311
2016-01-27,1.3029873460819419
2016-01-28,1.3048479509554285
2016-01-29,1.3159091305315391
2016-02-01,1.311880366685708
2016-02-02,1.3362188792478418
2016-02-03,1.325136881571675
2016-02-04,1.331558188640702
2016-02-05,1.3331116496241981
2016-02-08,1.3617998119192347
2016-02-09,1.3632497977157527
2016-02-10,1.3752628669702902
2016-02-11,1.3848946737455048
2016-02-12,1.3619032871062127
2016-02-16,1.3475071094324456
2016-02-17,1.3392219158189873
2016-02-18,1.3556886227544913
2016-02-19,1.3568281829900741
2016-02-22,1.3561030362634896
2016-02-23,1.3615922462319752
2016-02-24,1.3589002505350662
2016-02-25,1.3637670710984267
2016-02-26,1.350614339056089
2016-02-29,1.3565172446680538
2016-03-01,1.3326315001440858
2016-03-02,1.338131067886491
2016-03-03,1.3430077334626858
2016-03-04,1.3343952957247005
2016-03-07,1.3339797541413148
2016-03-08,1.3487143541312645
2016-03-09,1.3405169452155798
2016-03-10,1.3350178902342598
2016-03-11,1.3215283767112116
2016-03-14,1.3256790751430858
2016-03-15,1.3269243667144215
2016-03-16,1.3308673969068199
2016-03-17,1.336366656992574
2016-03-18,1.3391680759050488
2016-03-21,1.3288964458478143
2016-03-22,1.328584482003624
2016-03-23,1.343630122867811
2016-03-24,1.3441488319815238
2016-03-28,1.3459133454276577
2016-03-29,1.360024838146963
2016-03-30,1.345705984844833
2016-03-31,1.3552514426533124
2016-04-01,1.3587863150219508
2016-04-04,1.3596187313675436
2016-04-05,1.3744869568962774
2016-04-06,1.3645055496132241
2016-04-07,1.3813501614684653
2016-04-08,1.3726159942488714
2016-04-11,1.3708480965795755
2016-04-12,1.3613863213801882
2016-04-13,1.366169356782239
2016-04-14,1.3596187313675434
2016-04-15,1.3712635356107439
2016-04-18,1.3653372480932973
2016-04-19,1.3610742549837807
2016-04-20,1.3461018364025497
2016-04-21,1.3380951746105316
2016-04-22,1.3346633672200037
2016-04-25,1.3291530314948108
2016-04-26,1.3231224483726496
2016-04-27,1.336327276941236
2016-04-28,1.3418384330841653
2016-04-29,1.3452696251613911
2016-05-02,1.3317254513066685
2016-05-03,1.3484995072365968
2016-05-04,1.3558970088594857
2016-05-05,1.3649607789045983
2016-05-06,1.3591267883824742
2016-05-09,1.363398293326004
2016-05-10,1.3635023838262845
2016-05-11,1.3712126697110998
2016-05-12,1.3649607789045983
2016-05-13,1.3781930914673477
2016-05-16,1.3663158013481513
2016-05-17,1.3686081510553134
2016-05-18,1.34912507576045
2016-05-19,1.3549595790436593
2016-05-20,1.356000484046464
2016-05-23,1.3590223902255425
2016-05-24,1.3529795008373382
2016-05-25,1.3478738361605265
2016-05-26,1.3548546681256424
2016-05-27,1.352875923098143
2016-05-31,1.3561046770989613
2016-06-01,1.361606911199009
2016-06-02,1.3714209532638773
2016-06-03,1.3909438188189465
2016-06-06,1.3806077859694204
2016-06-07,1.3839494499611833
2016-06-08,1.391361616551107
2016-06-09,1.4003401657038719
2016-06-10,1.4071265586655082
2016-06-13,1.4133899353203165
2016-06-14,1.412346056303218
2016-06-15,1.417775478329178
2016-06-16,1.42466647455218
2016-06-17,1.4157917082430447
2016-06-20,1.400653975487969
2016-06-21,1.3941798540271741
2016-06-22,1.3964776390018387
2016-06-23,1.3805036954691405
2016-06-24,1.4175664769108811
2016-06-27,1.452958580185066
2016-06-28,1.4559861267360812
2016-06-29,1.4448156264966219
2016-06-30,1.450139009530178
2016-07-01,1.4702738041642358
2016-07-05,1.4886828500901954
2016-07-06,1.4910878021316512
2016-07-07,1.4909839167358048
2016-07-08,1.5019663362092404
2016-07-11,1.4887875559037782
2016-07-12,1.4643124437885668
2016-07-13,1.4815703410784193
2016-07-14,1.460023504968143
2016-07-15,1.4474723442308746
2016-07-18,1.4461122967286875
2016-07-19,1.4542711460107707
2016-07-20,1.4463218109080698
2016-07-21,1.449250907330741
2016-07-22,1.4517617958123834
2016-07-25,1.4507150453332083
2016-07-26,1.4530159068743833
2016-07-27,1.4711106302551609
2016-07-28,1.4683923811906936
2016-07-29,1.480628706621695
2016-08-01,1.4645759004341046
2016-08-02,1.4494865723254649
2016-08-03,1.4503255520129472
2016-08-04,1.4612224429373837
2016-08-05,1.4460296396417656
2016-08-08,1.4487527086604333
2016-08-09,1.4630049030214969
2016-08-10,1.468663016491423
2016-08-11,1.4555651498851938
2016-08-12,1.4678244470128088
2016-08-15,1.4539933320548502
2016-08-16,1.4501154225202628
2016-08-17,1.4588127734939447
2016-08-18,1.461117942228235
2016-08-19,1.4534684698081155
2016-08-22,1.4657288950101177
2016-08-23,1.4673011230493296
2016-08-24,1.463842857186809
2016-08-25,1.4582890393215973
2016-08-26,1.4498005872139952
2016-08-29,1.4691863404549015
2016-08-30,1.4635280218805415
2016-08-31,1.4656240866443178
2016-09-01,1.4672407197935013
2016-09-02,1.4552729786188887
2016-09-06,1.4658758523371143
2016-09-07,1.4648255125303433
2016-09-08,1.4464552313424195
2016-09-09,1.4226265058511174
2016-09-12,1.4233610873816682
2016-09-13,1.407194858442048
2016-09-14,1.409294409981203
2016-09-15,1.4032048593342523
2016-09-16,1.4145428273441139
2016-09-19,1.4099239780415203
2016-09-20,1.414857867754815
2016-09-21,1.4262998237127398
2016-09-22,1.437637381513733
2016-09-23,1.436272616609563
2016-09-26,1.4454061221622527
2016-09-27,1.45600756014944
2016-09-28,1.4528586943256843
2016-09-29,1.4565324223961746
2016-09-30,1.4435168026679996
2016-10-03,1.4387524317694473
2016-10-04,1.4219252537911
2016-10-05,1.4153002780190613
2016-10-06,1.4074123716943585
2016-10-07,1.4083593388663682
2016-10-10,1.4000518914218156
2016-10-11,1.3968964622561701
2016-10-12,1.398263893517983
2016-10-13,1.40352174568486
2016-10-14,1.3838563325481263
2016-10-17,1.3926895652093667
2016-10-18,1.397212425636825
2016-10-19,1.3983690095404342
2016-10-20,1.3998419670335658
2016-10-21,1.4019442874825805
2016-10-24,1.3958444816139273
2016-10-25,1.3995264138617796
2016-10-26,1.3900608442303626
2016-10-27,1.3749171634466997
2016-10-28,1.371867465616807
2016-10-31,1.3802805418448956
2016-11-01,1.3803860680762143
2016-11-02,1.3863921412185065
2016-11-03,1.3757497848967264
2016-11-04,1.388077586905314
2016-11-07,1.376276595635584
2016-11-08,1.370692319761916
2016-11-09,1.3125309579505158
2016-11-10,1.293143871530788
2016-11-11,1.2858738423136613
2016-11-14,1.2781823234845615
2016-11-15,1.2845040523508569
2016-11-16,1.296094606471251
2016-11-17,1.2770228681188756
2016-11-18,1.27333519294687
2016-11-21,1.2764965701411028
2016-11-22,1.2760744652158276
2016-11-23,1.2711226288645534
2016-11-25,1.2730194346706498
2016-11-28,1.2823971170520765
2016-11-29,1.2877703404631067
2016-11-30,1.2669082455059069
2016-12-01,1.2535313343171524
2016-12-02,1.2627163210827888
2016-12-05,1.261344377523427
2016-12-06,1.2603939235760384
2016-12-07,1.2711626242291936
2016-12-08,1.2561701054134256
2016-12-09,1.2405446343141786
2016-12-12,1.2428684675519674
2016-12-13,1.2473022101028306
2016-12-14,1.233366184226855
2016-12-15,1.239595000784526
2016-12-16,1.2367446644645304
2016-12-19,1.250047430400376
2016-12-20,1.243818203633837
2016-12-21,1.2493084391244929
2016-12-22,1.247074646733252
2016-12-23,1.2496148651489638
2016-12-27,1.2455926646450222
2016-12-28,1.2546966351592086
2016-12-29,1.2591415559017276
2016-12-30,1.2610472837507052
2017-01-03,1.266446042663775
2017-01-04,1.271315221928127
2017-01-05,1.2912159924029334
2017-01-06,1.2793602382493123
2017-01-09,1.2896287917400362
2017-01-10,1.2887815053229748
2017-01-11,1.2931217202519112
2017-01-12,1.2902629746501193
2017-01-13,1.2841237887301284
2017-01-17,1.2975674614121664
2017-01-18,1.280948156777729
2017-01-19,1.2721622006885374
2017-01-20,1.2696218797206085
2017-01-23,1.2823240998735548
2017-01-24,1.2735381437843631
2017-01-25,1.2575545603432645
2017-01-26,1.261788531175363
2017-01-27,1.266340208775805
2017-01-30,1.2625293683911523
2017-01-31,1.2713152219281267
2017-02-01,1.2634541842842844
2017-02-02,1.2629242969789156
2017-02-03,1.2623934867035937
2017-02-06,1.2700315758276235
2017-02-07,1.2793672118000696
2017-02-08,1.2967644775528595
2017-02-09,1.281807031595314
2017-02-10,1.2810646560962693
2017-02-13,1.2770330207883613
2017-02-14,1.2678045518827064
2017-02-15,1.261969228181761
2017-02-16,1.268864941806746
2017-02-17,1.2763964791772866
2017-02-21,1.2741684297101992
2017-02-22,1.2762905427370996
2017-02-23,1.2801096898513313
2017-02-24,1.294324862862049
2017-02-27,1.2866872864991044
2017-02-28,1.2914607845449717
2017-03-01,1.2698205233649853
2017-03-02,1.2652505914699126
2017-03-03,1.2685444661285419
2017-03-06,1.262486706668869
2017-03-07,1.2586599706905772
2017-03-08,1.251857579583085
2017-03-09,1.2418668400482824
2017-03-10,1.246224386301896
2017-03-13,1.238359964434892
2017-03-14,1.2443113772455097
2017-03-15,1.2595104362263663
2017-03-16,1.2531332266106603
2017-03-17,1.2609987765520518
2017-03-20,1.2664190714306967
2017-03-21,1.2769419544196425
2017-03-22,1.2820434144555564
2017-03-23,1.28023623928714
2017-03-24,1.284807196704383
2017-03-27,1.290652980731465
2017-03-28,1.2820434144555566
2017-03-29,1.289695963442187
2017-03-30,1.2792803500722494
2017-03-31,1.283000124088184
2017-04-03,1.295941085802365
2017-04-04,1.2889114389819452
2017-04-05,1.29285252068222
2017-04-06,1.2909351018805015
2017-04-07,1.285716322108311
2017-04-10,1.291681169259359
2017-04-11,1.3039299035086205
2017-04-12,1.3110662046347463
2017-04-13,1.3151140431929442
2017-04-17,1.3110662046347463
2017-04-18,1.3282150889179014
2017-04-19,1.3209722360382865
2017-04-20,1.315859392706283
2017-04-21,1.315859392706283
2017-04-24,1.3093625046533084
2017-04-25,1.2935979727477753
2017-04-26,1.3007345815305524
2017-04-27,1.3003083745165962
2017-04-28,1.3031842463386312
2017-05-01,1.2923507326843162
2017-05-02,1.298968119592295
2017-05-03,1.2998222770078973
2017-05-04,1.2934177885024625
2017-05-05,1.294592319044051
2017-05-08,1.2875476995999455
2017-05-09,1.2874409427420224
2017-05-10,1.2859467569399665
2017-05-11,1.2859467569399665
2017-05-12,1.2956595799666313
2017-05-15,1.292137321520687
2017-05-16,1.2969402520528406
2017-05-17,1.3158324214732051
2017-05-18,1.317327017484129
2017-05-19,1.3204216331850787
2017-05-22,1.3167932331945134
2017-05-23,1.3079340548223657
2017-05-24,1.3152984320791554
2017-05-25,1.3157258697197163
2017-05-26,1.3179669433183658
2017-05-30,1.3244781886817238
2017-05-31,1.3277871385162558
2017-06-01,1.3279267120836271
2017-06-02,1.343649095027963
2017-06-05,1.3353058568596687
2017-06-06,1.3425796805088255
2017-06-07,1.3361616551107434
2017-06-08,1.3326319103529563
2017-06-09,1.3306002483814718
2017-06-12,1.330172297979826
2017-06-13,1.3303859142478893
2017-06-14,1.3509226110204686
2017-06-15,1.3487829615644569
2017-06-16,1.3514575233844714
2017-06-19,1.349531900405391
2017-06-20,1.3616191149128378
2017-06-21,1.3643998182774735
2017-06-22,1.3673943430146065
2017-06-23,1.3667530840015485
2017-06-26,1.3718868479858253
2017-06-27,1.3572332642473253
2017-06-28,1.3527408618283236
2017-06-29,1.341402586161811
2017-06-30,1.3383014071189718
2017-07-03,1.3339926757206622
2017-07-05,1.3343141769210358
2017-07-06,1.3232743282060664
2017-07-07,1.3153425295324768
2017-07-10,1.317271741839153
2017-07-11,1.319523173211722
2017-07-12,1.3286331943067133
2017-07-13,1.320273240127044
2017-07-14,1.3218814639944318
2017-07-17,1.3255251442653337
2017-07-18,1.3371008283142594
2017-07-19,1.3376363559915645
2017-07-20,1.341495395918219
2017-07-21,1.3471751479059373
2017-07-24,1.341924371842035
2017-07-25,1.3244534735974214
2017-07-26,1.326596917485463
2017-07-27,1.3200584957845936
2017-07-28,1.3278830248391749
2017-07-31,1.3294905308410434
2017-08-01,1.3388253463957533
2017-08-02,1.3395770541465473
2017-08-03,1.3534333969498942
2017-08-04,1.3419400623312396
2017-08-07,1.3434440931461298
2017-08-08,1.3386098841877834
2017-08-09,1.3459142683976133
2017-08-10,1.3574081157773528
2017-08-11,1.3580528615657896
2017-08-14,1.3510704913174185
2017-08-15,1.345377817750355
2017-08-16,1.3503182708055395
2017-08-17,1.3604156646460481
2017-08-18,1.360093240475721
2017-08-21,1.3634230084103094
2017-08-22,1.358160028632581
2017-08-23,1.3673971119244661
2017-08-24,1.3623492866980564
2017-08-25,1.3676122664757848
2017-08-28,1.3667533916581995
2017-08-29,1.3711570864094746
2017-08-30,1.3707273926201395
2017-08-31,1.374809688723258
2017-09-01,1.3642930614195505
2017-09-05,1.3859279898842516
2017-09-06,1.377424872809615
2017-09-07,1.3915252898894814
2017-09-08,1.3885115878877647
2017-09-11,1.371935150080044
2017-09-12,1.3647236781788388
2017-09-13,1.3593419429337954
2017-09-14,1.3649389352823744
2017-09-15,1.3654776420784072
2017-09-18,1.3576194758966416
2017-09-19,1.3542826318590788
2017-09-20,1.3552515452055318
2017-09-21,1.3544980940670484
2017-09-22,1.35837343979621
2017-09-25,1.3668767619752804
2017-09-26,1.3644006386952092
2017-09-27,1.3438426110614887
2017-09-28,1.3398597906088847
2017-09-29,1.3428733900583845
2017-10-02,1.3404144955507735
2017-10-03,1.3417084994251964
2017-10-04,1.3418166920141579
2017-10-05,1.336747535926607
2017-10-06,1.3329720760568278
2017-10-09,1.3371788705514145
2017-10-10,1.3393360564365375
2017-10-11,1.341924474394251
2017-10-12,1.3476407349712303
2017-10-13,1.3573479176259584
2017-10-16,1.3563772608918157
2017-10-17,1.358102599391046
2017-10-18,1.3491508163669246
2017-10-19,1.3515231568033665
2017-10-20,1.3371788705514143
2017-10-23,1.3395517237489412
2017-10-24,1.331246840109814
2017-10-25,1.3248831673867554
2017-10-26,1.3204620387585861
2017-10-27,1.3291975391570017
2017-10-30,1.341924474394251
2017-10-31,1.3423558090190588
2017-11-01,1.3483334751972351
2017-11-02,1.3542772991437932
2017-11-03,1.357952360393105
2017-11-06,1.3630322844634435
2017-11-07,1.3687605436498145
2017-11-08,1.3657342277254036
2017-11-09,1.36184308895482
2017-11-10,1.341306802391109
2017-11-13,1.3441177586597672
2017-11-14,1.3531962962241317
2017-11-15,1.367896028460293
2017-11-16,1.3560070473883556
2017-11-17,1.3660582927312033
2017-11-20,1.36551753489083
2017-11-21,1.3698408287039572
2017-11-22,1.374272725314914
2017-11-24,1.370489471476641
2017-11-27,1.3685444661285429
2017-11-28,1.3703815865443305
2017-11-29,1.3568713574734432
2017-11-30,1.352331575930176
2017-12-01,1.3705814608153122
2017-12-04,1.3712313342146
2017-12-05,1.378053517899978
2017-12-06,1.3828191194251345
2017-12-07,1.3719889899939812
2017-12-08,1.3720972851351596
2017-12-11,1.3692812012556501
2017-12-12,1.3687393153408896
2017-12-13,1.3790285843794523
2017-12-14,1.3848769322119598
2017-12-15,1.3900758168540472
2017-12-18,1.3774043623662084
2017-12-19,1.3595335104751969
2017-12-20,1.3444798705380818
2017-12-21,1.35231588544097
2017-12-22,1.3541610049296857
2017-12-26,1.3581769497483887
2017-12-27,1.375867719946304
2017-12-28,1.374673704483481
2017-12-29,1.3768450425745535
2018-01-02,1.3619752787625645
2018-01-03,1.3684870368870075
2018-01-04,1.3682699338435653
2018-01-05,1.364363104583777
2018-01-08,1.3634947949622254
2018-01-09,1.3452612158795958
2018-01-10,1.3436334045387563
2018-01-11,1.3491686604526862
2018-01-12,1.351447780923852
2018-01-16,1.3570909217700924
2018-01-17,1.3552463150424618
2018-01-18,1.342656902328243
2018-01-19,1.3356019251102182
2018-01-22,1.3369046459230882
2018-01-23,1.3426569023282433
2018-01-24,1.3353850271712102
2018-01-25,1.3463471413056745
2018-01-26,1.3413543866198074
2018-01-29,1.3320201863783994
2018-01-30,1.3242059125455206
2018-01-31,1.3320201863783994
2018-02-01,1.312715654493377
2018-02-02,1.3005348098117862
2018-02-05,1.3128246675000748
2018-02-06,1.304667664157898
2018-02-07,1.2922684858062607
2018-02-08,1.2908552137034377
2018-02-09,1.2826983129134781
2018-02-12,1.2883537600257617
2018-02-13,1.2941178099358746
2018-02-14,1.2797621403878325
2018-02-15,1.2841126105384715
2018-02-16,1.2910729320601821
2018-02-20,1.2854171772912477
2018-02-21,1.2696478254315144
2018-02-22,1.2734541535186181
2018-02-23,1.2847651502954018
2018-02-26,1.2851996640389374
2018-02-27,1.283351570535928
2018-02-28,1.2915083687736708
2018-03-01,1.3003241675580168
2018-03-02,1.2897532901315032
2018-03-05,1.2862660019915646
2018-03-06,1.2874645297519371
2018-03-07,1.2860481810826034
2018-03-08,1.2934585017326206
2018-03-09,1.2849579484634097
2018-03-12,1.2923687818745118
2018-03-13,1.2989081265453344
2018-03-14,1.3103502876076936
2018-03-15,1.3103502876076936
2018-03-16,1.3056639589462975
2018-03-19,1.3015230029750409
2018-03-20,1.2962918143845903
2018-03-21,1.297708470710575
2018-03-22,1.3105680059644378
2018-03-23,1.3095869914563758
2018-03-26,1.3045744441926228
2018-03-27,1.3185235967523774
2018-03-28,1.3220106797878821
2018-03-29,1.3284404986909222
2018-04-02,1.3310611180447816
2018-04-03,1.3207958462250027
2018-04-04,1.3180657011033603
2018-04-05,1.3082367889670232
2018-04-06,1.3225431308986761
2018-04-09,1.3247274931213109
2018-04-10,1.3223245921241957
2018-04-11,1.3270208683506433
2018-04-12,1.3173009692210038
2018-04-13,1.3203588712282581
2018-04-16,1.320795846225002
2018-04-17,1.3243995311312642
2018-04-18,1.313806399873656
2018-04-19,1.3031035377438311
2018-04-20,1.2937116006042382
2018-04-23,1.2940389472809823
2018-04-24,1.2881415794887368
2018-04-25,1.2795139640226316
2018-04-26,1.2884690287176979
2018-04-27,1.2984075691740347
2018-04-30,1.300701046955584
2018-05-01,1.2960161540252262
2018-05-02,1.294593652222871
2018-05-03,1.3003943132744618
2018-05-04,1.302364341363514
2018-05-07,1.300284787506679
2018-05-08,1.2990808244788044
2018-05-09,1.2913100327859441
2018-05-10,1.3017076995179022
2018-05-11,1.30499162661148
2018-05-14,1.2980961180909292
2018-05-15,1.283319984453084
2018-05-16,1.2783947091260195
2018-05-17,1.2719372011243828
2018-05-18,1.282882189038604
2018-05-21,1.2835389334364329
2018-05-22,1.2815684951385127
2018-05-23,1.2908724424758982
2018-05-24,1.3011605834400737
2018-05-25,1.3092598498840653
2018-05-29,1.3379362186741441
2018-05-30,1.328961156296758
2018-05-31,1.32677207667214
2018-06-01,1.3197625300862572
2018-06-04,1.3102176875910798
2018-06-05,1.3132895366998498
2018-06-06,1.3026481033480228
2018-06-07,1.315264179638668
2018-06-08,1.3113146886565972
2018-06-11,1.3089011222289113
2018-06-12,1.309230314845562
2018-06-13,1.3085723398211289
2018-06-14,1.3194329272607384
2018-06-15,1.3206397617506898
2018-06-18,1.3194329272607384
2018-06-19,1.3271123449282292
2018-06-20,1.3154833337264504
2018-06-21,1.3223949429450743
2018-06-22,1.3222852120728574
2018-06-25,1.3252472277571934
2018-06-26,1.327112344928229
2018-06-27,1.3396186903466574
2018-06-28,1.339947780411091
2018-06-29,1.3353406220612383
2018-07-02,1.3342954098653184
2018-07-03,1.3414423764220147
2018-07-05,1.345291776440269
2018-07-06,1.3496891129540884
2018-07-09,1.3410027350676281
2018-07-10,1.3408926965387602
2018-07-11,1.3460607129635234
2018-07-12,1.3459508795390895
2018-07-13,1.349359305024136
2018-07-16,1.3437519549016372
2018-07-17,1.3412228121253642
2018-07-18,1.3358350262995162
2018-07-19,1.3443010194715896
2018-07-20,1.3278084693773955
2018-07-23,1.311424932289899
2018-07-24,1.3159328200936715
2018-07-25,1.3138438314328702
2018-07-26,1.3113152014176823
2018-07-27,1.3135141260551346
2018-07-30,1.309006238251362
2018-07-31,1.3161532048080584
2018-08-01,1.3054305501003476
2018-08-02,1.3073040765531794
2018-08-03,1.313806502425873
2018-08-06,1.3145772848890336
2018-08-07,1.307745051086387
2018-08-08,1.309067359372709
2018-08-09,1.3200875180620095
2018-08-10,1.3296750222794695
2018-08-13,1.3269198544168732
2018-08-14,1.323944404392107
2018-08-15,1.331658074500084
2018-08-16,1.3315482410756503
2018-08-17,1.3332012802618778
2018-08-20,1.3421273226795258
2018-08-21,1.3376086668929656
2018-08-22,1.3428991306648568
2018-08-23,1.3449929392798583
2018-08-24,1.3476373507480677
2018-08-27,1.3399232704312223
2018-08-28,1.3318786643189051
2018-08-29,1.33364245989952
2018-08-30,1.3365075637387673
2018-08-31,1.333421664976265
2018-09-04,1.3257120969569687
2018-09-05,1.3221781475582837
2018-09-06,1.3270374818098012
2018-09-07,1.3157722233218105
2018-09-10,1.3206314550211111
2018-09-11,1.3105806198871317
2018-09-12,1.3136736973048257
2018-09-13,1.3156612618229893
2018-09-14,1.3093661965331203
2018-09-17,1.3093661965331203
2018-09-18,1.2956699377405496
2018-09-19,1.287938936307895
2018-09-20,1.2939033732500749
2018-09-21,1.2933505142480926
2018-09-24,1.2900375648770965
2018-09-25,1.28871197491983
2018-09-26,1.297769079070836
2018-09-27,1.2986525664205075
2018-09-28,1.2952283478940392
2018-10-01,1.2857199114359057
2018-10-02,1.2935796159009267
2018-10-03,1.271107963897518
2018-10-04,1.2621420286674472
2018-10-05,1.2512940551505316
2018-10-08,1.2470874657603788
2018-10-09,1.2597068237219688
2018-10-10,1.2562747086747899
2018-10-11,1.2715512971317176
2018-10-12,1.2671229898483565
2018-10-15,1.2665694129808551
2018-10-16,1.2694474383994478
2018-10-17,1.2619206184308902
2018-10-18,1.2614773877489076
2018-10-19,1.2587103238291362
2018-10-22,1.2570494906744145
2018-10-23,1.2610346698280102
2018-10-24,1.2705544895822336
2018-10-25,1.265241156665946
2018-10-26,1.2728792457899758
2018-10-29,1.2700011178191661
2018-10-30,1.2636914901144796
2018-10-31,1.257271208567623
2018-11-01,1.2584362017530282
2018-11-02,1.2427903227625932
2018-11-05,1.2476731414718096
2018-11-06,1.2468960007711936
2018-11-07,1.248560628357945
2018-11-08,1.2484492566502556
2018-11-09,1.2577705353123185
2018-11-12,1.2659820964339528
2018-11-13,1.2652048531811195
2018-11-14,1.2659820964339528
2018-11-15,1.265427083835413
2018-11-16,1.2727505427576096
2018-11-19,1.276301720928755
2018-11-20,1.2767449516107376
2018-11-21,1.2763017209287553
2018-11-23,1.2776333614668263
2018-11-26,1.2747478497363909
2018-11-27,1.276190349221066
2018-11-28,1.269976710391515
2018-11-29,1.2749699778384673
2018-11-30,1.2797416299444284
2018-12-03,1.2888286793428059
2018-12-04,1.3104047428349346
2018-12-06,1.314520368408586
2018-12-07,1.316967161754588
2018-12-10,1.322416991671736
2018-12-11,1.3221943508085745
2018-12-12,1.3162994442695375
2018-12-13,1.3131856513040043
2018-12-14,1.3177454305295915
2018-12-17,1.325419823138448
2018-12-18,1.3333576723928422
2018-12-19,1.350972041189074
2018-12-20,1.3460664558876783
2018-12-21,1.345844122681168
2018-12-24,1.3525335012454984
2018-12-26,1.3380392836522554
2018-12-27,1.338262437276502
2018-12-28,1.3495227732580755
2018-12-31,1.3546513070792838
2019-01-02,1.3617859673699375
2019-01-03,1.37728232522795
2019-01-04,1.3613404805391804
2019-01-07,1.3573264842126007
2019-01-08,1.3537594104478166
2019-01-09,1.3516406816440778
2019-01-10,1.3429456893713874
2019-01-11,1.348185492348068
2019-01-14,1.3431687404434172
2019-01-15,1.3382624372765022
2019-01-16,1.339600846260897
2019-01-17,1.3399352690406159
2019-01-18,1.3329113651443496
2019-01-22,1.341941703166712
2019-01-23,1.3413847420760487
2019-01-24,1.3501916188175136
2019-01-25,1.343726009190732
2019-01-28,1.3423874976541204
2019-01-29,1.349188350478357
2019-01-30,1.3481854923480685
2019-01-31,1.3597797383482757
2019-02-01,1.3515666389433862
2019-02-04,1.3455331843591483
2019-02-05,1.3516787285165945
2019-02-06,1.3523492149115048
2019-02-07,1.3612878712518468
2019-02-08,1.367098274764055
2019-02-11,1.361734793813642
2019-02-12,1.358270887579185
2019-02-13,1.3531310730141037
2019-02-14,1.360840948690051
2019-02-15,1.3629640872391215
2019-02-19,1.3664274807124932
2019-02-20,1.362517164677326
2019-02-21,1.3503378582789904
2019-02-22,1.3583821567346566
2019-02-25,1.354360161335149
2019-02-26,1.3610642048665142
2019-02-27,1.3456448637234877
2019-02-28,1.3410634459801083
2019-03-01,1.328668267164935
2019-03-04,1.339081316729447
2019-03-05,1.3418810948064495
2019-03-06,1.3468074982079015
2019-03-07,1.3555412552186274
2019-03-08,1.3612517728714533
2019-03-11,1.3572210605334987
2019-03-12,1.3667387266911644
2019-03-13,1.3641634354172298
2019-03-14,1.354310115853241
2019-03-15,1.3632676418015157
2019-03-18,1.3624838352067927
2019-03-19,1.3594605958488926
2019-03-20,1.373681614335981
2019-03-21,1.37670454603723
2019-03-22,1.3980909904800791
2019-03-25,1.4003305257954735
2019-03-26,1.3993226426065506
2019-03-27,1.4122001244983928
2019-03-28,1.4171264253476277
2019-03-29,1.4157828887523818
2019-04-01,1.395673321963712
2019-04-02,1.3982542536095828
2019-04-03,1.386134940258207
2019-04-04,1.3900616646480983
2019-04-05,1.391857661624859
2019-04-08,1.3869201825839683
2019-04-09,1.3912965984455146
2019-04-10,1.3946629775215806
2019-04-11,1.3864713115300493
2019-04-12,1.3765956355827489
2019-04-15,1.3800747195453253
2019-04-16,1.3714339773954412
2019-04-17,1.3719945278137002
2019-04-18,1.3791768748852704
2019-04-22,1.3725562063063468
2019-04-23,1.3754737143284939
2019-04-24,1.386696105989768
2019-04-25,1.3846758273143736
2019-04-26,1.389388614447762
2019-04-29,1.380523693151461
2019-04-30,1.3875934378887376
2019-05-01,1.393317389881994
2019-05-02,1.3866822614404697
2019-05-03,1.3906184206343273
2019-05-06,1.3944420800461081
2019-05-07,1.4051249444936131
2019-05-08,1.3990528277235568
2019-05-09,1.4047880604606857
2019-05-10,1.4028761794786868
2019-05-13,1.4138968509290724
2019-05-14,1.4097358972754959
2019-05-15,1.4183949962722275
2019-05-16,1.4136716462604855
2019-05-17,1.416820306979807
2019-05-20,1.4138968509290724
2019-05-21,1.4116474706008437
2019-05-22,1.419744686000495
2019-05-23,1.435712784056823
2019-05-24,1.4369499740030136
2019-05-28,1.44729564676094
2019-05-29,1.4516811897698014
2019-05-30,1.4641640507305314
2019-05-31,1.4824939263449473
2019-06-03,1.4924108282834918
2019-06-04,1.4753955695391208
2019-06-05,1.4670562283550734
2019-06-06,1.471789218275216
2019-06-07,1.484522716854355
2019-06-10,1.4705493619713825
2019-06-11,1.4714512061679013
2019-06-12,1.472577639719705
2019-06-13,1.4776487442993793
2019-06-14,1.4813678004497945
2019-06-17,1.483959192421802
2019-06-18,1.4913968945137646
2019-06-19,1.4935371592830786
2019-06-20,1.497481727758732
2019-06-21,1.4810291730291776
2019-06-24,1.4920725085195259
2019-06-25,1.496692691000941
2019-06-26,1.4871140062741453
2019-06-27,1.4975939198841577
2019-06-28,1.4965800886666474
2019-07-01,1.4930799814995805
2019-07-02,1.5045961852626315
2019-07-03,1.5153224292979381
2019-07-05,1.4952251687753115
2019-07-08,1.4972572409556637
2019-07-09,1.4966926910009406
2019-07-10,1.488450261661982
2019-07-11,1.4685790262256786
2019-07-12,1.4702726760898484
2019-07-15,1.4787409254106965
2019-07-16,1.4743375383160724
2019-07-17,1.490256924069313
2019-07-18,1.49037044937356
2019-07-19,1.4868702396542761
2019-07-22,1.4896921690101559
2019-07-23,1.481563367527661
2019-07-24,1.48799872425042
2019-07-25,1.480885907581993
2019-07-26,1.4843856045401915
2019-07-29,1.4848378598172722
2019-07-30,1.4884502616619817
2019-07-31,1.5004191309109818
2019-08-01,1.5302175235075324
2019-08-02,1.5443590640264262
2019-08-05,1.571058226072261
2019-08-06,1.5836152322858996
2019-08-07,1.5841813205238784
2019-08-08,1.5875754912507583
2019-08-09,1.5844075507146358
2019-08-12,1.6174414657583283
2019-08-13,1.6118986209803385
2019-08-14,1.648213591655532
2019-08-15,1.6665406983600883
2019-08-16,1.65319219413545
2019-08-19,1.629547652425925
2019-08-20,1.6464039552339074
2019-08-21,1.635429945042268
2019-08-22,1.6245687422893564
2019-08-23,1.6512690324095787
2019-08-26,1.6445936009467634
2019-08-27,1.6699356895047048
2019-08-28,1.672084363555815
2019-08-29,1.665748892692438
2019-08-30,1.6662026862527741
2019-09-03,1.668355052183697
2019-09-04,1.6708485067884453
2019-09-05,1.6405882190064138
2019-09-06,1.6522625582881174
2019-09-09,1.622909242313456
2019-09-10,1.5944635134594667
2019-09-11,1.591629482941978
2019-09-12,1.5812034092459037
2019-09-13,1.5474304003741115
2019-09-16,1.5671503712903028
2019-09-17,1.5756497964851262
2019-09-18,1.582336201035163
2019-09-19,1.5870961621883832
2019-09-20,1.6080624501980805
2019-09-23,1.6077226947030763
2019-09-24,1.6271015769454422
2019-09-25,1.6033031043581627
2019-09-26,1.613615550197773
2019-09-27,1.617581859743436
2019-09-30,1.621548271841316
2019-10-01,1.6264315007594004
2019-10-02,1.630404681303604
2019-10-03,1.6452768038165846
2019-10-04,1.6574253445498126
2019-10-07,1.6436875521093466
2019-10-08,1.6481144236616692
2019-10-09,1.6388059640267345
2019-10-10,1.6143965878826363
2019-10-11,1.5944151088130312
2019-10-14,1.6059948949506377
2019-10-15,1.5865819653722197
2019-10-16,1.5885124083055004
2019-10-17,1.5846520352000244
2019-10-18,1.5846520352000244
2019-10-21,1.5727313654930262
2019-10-22,1.5819278381069695
2019-10-23,1.5835167821575562
2019-10-24,1.58033725322091
2019-10-25,1.572617532532128
2019-10-28,1.5583130365403814
2019-10-29,1.5593342515175175
2019-10-30,1.5821541708499438
2019-10-31,1.6034975433616423
2019-11-01,1.598561807708441
2019-11-04,1.5775218872069194
2019-11-05,1.5597811740793126
2019-11-06,1.5692198750298691
2019-11-07,1.5407880932773954
2019-11-08,1.5343052548781535
2019-11-11,1.535328623451847
2019-11-12,1.5423802164467102
2019-11-13,1.55238828730619
2019-11-14,1.5684245825868397
2019-11-15,1.566718216247759
2019-11-18,1.569561066255912
2019-11-19,1.5826397555975575
2019-11-20,1.5990175497609007
2019-11-21,1.5890086584836847
2019-11-22,1.591055908392157
2019-11-25,1.5957189577002882
2019-11-26,1.605044338451032
2019-11-27,1.6003818019039855
2019-11-29,1.5969697870913433
2019-12-02,1.575676972822638
2019-12-03,1.6087146822983602
2019-12-04,1.5926519285457181
2019-12-05,1.5849051340716418
2019-12-06,1.5761327148750974
2019-12-09,1.5795505751641101
2019-12-10,1.579664818333876
2019-12-11,1.5920826611890118
2019-12-12,1.5658802620824466
2019-12-13,1.5839933423100714
2019-12-16,1.5697528389017483
2019-12-17,1.5675888845703017
2019-12-18,1.5547152996627063
2019-12-19,1.5572030113433013
2019-12-20,1.559256824593663
2019-12-23,1.5569744224515525
2019-12-24,1.5614246759093569
2019-12-26,1.5651904958707357
2019-12-27,1.5669021949251016
2019-12-30,1.561196804883127
2019-12-31,1.5459067820857693
2020-01-02,1.5633642459899526
2020-01-03,1.5874408401898044
2020-01-06,1.5784269105221658
2020-01-07,1.5706672970209612
2020-01-08,1.5602842952560374
2020-01-09,1.5657607887496119
2020-01-10,1.5796818420019016
2020-01-13,1.5748894743481014
2020-01-14,1.5829909969408678
2020-01-15,1.5934883444277743
2020-01-16,1.5884683108521784
2020-01-17,1.5748894743481014
2020-01-21,1.5914346337296295
2020-01-22,1.5970256780496213
2020-01-23,1.6082078692418216
2020-01-24,1.6212159001059367
2020-01-27,1.6464334902724098
2020-01-28,1.6335393949214094
2020-01-29,1.649514363976278
2020-01-30,1.6497430554202441
2020-01-31,1.664804694430287
2020-02-03,1.663456542985275
2020-02-04,1.641053498415056
2020-02-05,1.6231097318977394
2020-02-06,1.6304251917470083
2020-02-07,1.6507689877993634
2020-02-10,1.655341380947645
2020-02-11,1.6469973223616143
2020-02-12,1.6386537765366689
2020-02-13,1.6449402274403078
2020-02-14,1.6521404185976403
2020-02-18,1.6634565429852755
2020-02-19,1.6633414793977734
2020-02-20,1.6763722768540683
2020-02-21,1.6920302570061123
2020-02-24,1.7172895859249144
2020-02-25,1.7264329364904387
2020-02-26,1.7172895859249144
2020-02-27,1.7359188114608266
2020-02-28,1.7751222678807492
2020-03-02,1.7620630634603385
2020-03-03,1.7894194826650873
2020-03-04,1.770418607894676
2020-03-05,1.8144865261769672
2020-03-06,1.9089200943890614
2020-03-09,1.9606578929826604
2020-03-10,1.860158156029097
2020-03-11,1.791708858357955
2020-03-12,1.802811776686395
2020-03-13,1.762063063460338
2020-03-16,1.876183785879176
2020-03-17,1.751073772988362
2020-03-18,1.6522912729088841
2020-03-19,1.6972750850414267
2020-03-20,1.8249031650690748
2020-03-23,1.900106961962358
2020-03-24,1.8647367023103998
2020-03-25,1.8605012957472629
2020-03-26,1.8696585934143024
2020-03-27,1.9195652196207014
2020-03-30,1.9037688965278905
2020-03-31,1.8883169437798502
2020-04-01,1.9147733647279863
2020-04-02,1.9269237514011206
2020-04-03,1.9315092712331812
2020-04-06,1.9264647276777165
2020-04-07,1.906290450440104
2020-04-08,1.8924204681918928
2020-04-09,1.8958590440287446
2020-04-13,1.8785498706303796
2020-04-14,1.8780922826380135
2020-04-15,1.9278403631168917
2020-04-16,1.949734851242883
2020-04-17,1.923598803420733
2020-04-20,1.9390741380742549
2020-04-21,1.9634903852168937
2020-04-22,1.9434299409401792
2020-04-23,1.9537471041817727
2020-04-24,1.9583324189093991
2020-04-27,1.9218804384722599
2020-04-28,1.9440036180422176
2020-04-29,1.9339163768711942
2020-04-30,1.9113339684733983
2020-05-01,1.927701917623907
2020-05-04,1.9186336352812452
2020-05-05,1.9063521868747528
2020-05-06,1.875592469795809
2020-05-07,1.9069266843945276
2020-05-08,1.8821346859287087
2020-05-11,1.8674426451088242
2020-05-12,1.8866108850974206
2020-05-13,1.8998099707418539
2020-05-14,1.9184039183151096
2020-05-15,1.9134689005274275
2020-05-18,1.871460435867434
2020-05-19,1.8784622910370399
2020-05-20,1.8840860495142624
2020-05-21,1.8887913503358083
2020-05-22,1.9001545461910578
2020-05-26,1.8746740121401324
2020-05-27,1.8712307189012976
2020-05-28,1.8643439273191937
2020-05-29,1.877658281655563
2020-06-01,1.8650168749673124
2020-06-02,1.8582365325864807
2020-06-03,1.8335259605809797
2020-06-04,1.806978678368559
2020-06-05,1.7941069394008702
2020-06-08,1.8010029606825062
2020-06-09,1.8214598718302397
2020-06-10,1.8484674083926689
2020-06-11,1.8834053078976492
2020-06-12,1.8652457715157118
2020-06-15,1.8662801131766271
2020-06-16,1.8376641476423763
2020-06-17,1.845249319822421
2020-06-18,1.8647871580011757
2020-06-19,1.8662801131766271
2020-06-22,1.8665106505604996
2020-06-23,1.8537535649714447
2020-06-24,1.8736351581816677
2020-06-25,1.879037814078984
2020-06-26,1.8991499446730795
2020-06-29,1.8931732014648566
2020-06-30,1.883978984999688
2020-07-01,1.8803199218962323
2020-07-02,1.8822762079882034
2020-07-06,1.8745671527299923
2020-07-07,1.9009165091635545
2020-07-08,1.8933233379105816
2020-07-09,1.9234679467918085
2020-07-10,1.9138028105460605
2020-07-13,1.9201313078586797
2020-07-14,1.9228926288542978
2020-07-15,1.9139172588202606
2020-07-16,1.9230076924418
2020-07-17,1.918980056670356
2020-07-20,1.9236982790712471
2020-07-21,1.924849120050703
2020-07-22,1.930601684112509
2020-07-23,1.9531537370540657
2020-07-24,1.9530392887798658
2020-07-27,1.9457894623494931
2020-07-28,1.9592521071916809
2020-07-29,1.9559146478408158
2020-07-30,1.9688013594321903
2020-07-31,1.9675358650741006
2020-08-03,1.9576303464316458
2020-08-04,1.9762907478415337
2020-08-05,1.95901151969054
2020-08-06,1.969955482082591
2020-08-07,1.9568236706925266
2020-08-10,1.9480683777162253
2020-08-11,1.9249168045139402
2020-08-12,1.907407449187942
2020-08-13,1.887018837816747
2020-08-14,1.8796475895614164
2020-08-17,1.8843705293642905
2020-08-18,1.8978473264124274
2020-08-19,1.8859834706336611
2020-08-20,1.903030930774178
2020-08-21,1.9144345322029355
2020-08-24,1.9113239183561301
2020-08-25,1.8966952548063671
2020-08-26,1.8894372241986326
2020-08-27,1.8573010512627781
2020-08-28,1.8559188524817138
2020-08-31,1.8682427575060545
2020-09-01,1.889611357863141
2020-09-02,1.9076027086091571
2020-09-03,1.9130211575478957
2020-09-04,1.8766963418598677
2020-09-08,1.8882283386643406
2020-09-09,1.8831546702792408
2020-09-10,1.8927254584853255
2020-09-11,1.896762529060736
2020-09-14,1.8966468501599316
2020-09-15,1.8920340514381424
2020-09-16,1.8863836293844933
2020-09-17,1.892149320130079
2020-09-18,1.8862685657969915
2020-09-21,1.8958387386897744
2020-09-22,1.8943400405901696
2020-09-23,1.8968773875438047
2020-09-24,1.9041430070155994
2020-09-25,1.9041430070155994
2020-09-28,1.8987223019280863
2020-09-29,1.9009130223881767
2020-09-30,1.8826925699893264
2020-10-01,1.8857980562252807
2020-10-02,1.8787570261087712
2020-10-05,1.842047229398031
2020-10-06,1.851974694214929
2020-10-07,1.838469182546025
2020-10-08,1.848395826945187
2020-10-09,1.8480500208693784
2020-10-12,1.8539371334399213
2020-10-13,1.867212517933821
2020-10-14,1.8714840228773508
2020-10-15,1.8682511667878514
2020-10-16,1.863057102099964
2020-10-19,1.8560152515657182
2020-10-20,1.8383522730186166
2020-10-21,1.8320032652625924
2020-10-22,1.81295624199452
2020-10-23,1.824039060088423
2020-10-26,1.8410077601262647
2020-10-27,1.8533597644580704
2020-10-28,1.8550918714036244
2020-10-29,1.8370828816762799
2020-10-30,1.8189592385703015
2020-11-02,1.8325843261242567
2020-11-03,1.8219529428896981
2020-11-04,1.8614747213912668
2020-11-05,1.8647112693605792
2020-11-06,1.8421758298781805
2020-11-09,1.8034621628467697
2020-11-10,1.793062342518254
2020-11-11,1.799533797621406
2020-11-12,1.8301575304605746
2020-11-13,1.8277309399013266
2020-11-16,1.8233392437594436
2020-11-17,1.8352418642762451
2020-11-18,1.8405579661023923
2020-11-19,1.8500344062688139
2020-11-20,1.8664439916194346
2020-11-23,1.8578927775550134
2020-11-24,1.839402612825387
2020-11-25,1.8337396794012608
2020-11-27,1.8515363860393632
2020-11-30,1.8492252692764855
2020-12-01,1.821959506231587
2020-12-02,1.8074996436310473
2020-12-03,1.8220755953412593
2020-12-04,1.7953533590465938
2020-12-07,1.8115486102636325
2020-12-08,1.820108848923152
2020-12-09,1.8140923154547233
2020-12-10,1.8301725030842593
2020-12-11,1.8366503164248669
2020-12-14,1.831560649893911
2020-12-15,1.8254304885690185
2020-12-16,1.820571154317501
2020-12-17,1.815754276683832
2020-12-18,1.8103110101085733
2020-12-21,1.8174915112402368
2020-12-22,1.8268703216960507
2020-12-23,1.814248605033469
2020-12-24,1.8214291061651329
2020-12-28,1.8222384482618952
2020-12-29,1.8199230243059024
2020-12-30,1.823859798813062
2020-12-31,1.8265241054113743
2021-01-04,1.8243235399384496
2021-01-05,1.8107749563383952
2021-01-06,1.7736024440244378
2021-01-07,1.757969589165565
2021-01-08,1.752295580102
2021-01-11,1.7494007361198152
2021-01-12,1.748010333161389
2021-01-13,1.7676968720548298
2021-01-14,1.7511381757806546
2021-01-15,1.7580852680663692
2021-01-19,1.763758661816632
2021-01-20,1.7654963065819054
2021-01-21,1.7531057426164982
2021-01-22,1.7587801618889312
2021-01-25,1.7795088364117813
2021-01-26,1.776149841095341
2021-01-27,1.7806664458375607
2021-01-28,1.7708228687341891
2021-01-29,1.7601693342207534
2021-02-01,1.762210123339553
2021-02-02,1.75084877342421
2021-02-03,1.735313343171511
2021-02-04,1.7306753166043338
2021-02-05,1.7161842781298184
2021-02-08,1.7237202252456911
2021-02-09,1.7249953595121814
2021-02-10,1.736473003641631
2021-02-11,1.726966413123404
2021-02-12,1.7055182322459055
2021-02-16,1.6795482164631192
2021-02-17,1.6902146725559004
2021-02-18,1.683374849889194
2021-02-19,1.6609988791042696
2021-02-22,1.648361471952483
2021-02-23,1.6436086894544546
2021-02-24,1.6328264519086522
2021-02-25,1.606162157616606
2021-02-26,1.6592599011601747
2021-03-01,1.6373445949341272
2021-03-02,1.6374611968048849
2021-03-03,1.6197018191737795
2021-03-04,1.6092548248254321
2021-03-05,1.6123890256821536
2021-03-08,1.599853452881873
2021-03-09,1.6220239090238793
2021-03-10,1.625274198990273
2021-03-11,1.61354950657001
2021-03-12,1.5793084493797152
2021-03-15,1.5885939373180362
2021-03-16,1.5822099592560064
2021-03-17,1.5703704083526753
2021-03-18,1.5544679437152433
2021-03-19,1.5641023142958836
2021-03-22,1.5816299239165121
2021-03-23,1.595906525705228
2021-03-24,1.6044956840899487
2021-03-25,1.5918439196277785
2021-03-26,1.5862724627812386
2021-03-29,1.5728081771035787
2021-03-30,1.581049375815933
2021-03-31,1.5722275264507826
2021-04-01,1.5983217329683863
2021-04-05,1.5913483873151133
2021-04-06,1.6021580063028613
2021-04-07,1.5909988893594915
2021-04-08,1.6041334696594158
2021-04-09,1.5983217329683863
2021-04-12,1.5976243778926156
2021-04-13,1.6095965288125602
2021-04-14,1.6044829676150374
2021-04-15,1.6313318558977288
2021-04-16,1.6186626575586645
2021-04-19,1.6140135553520485
2021-04-20,1.6214520778617474
2021-04-21,1.624706469916822
2021-04-22,1.6317977506196741
2021-04-23,1.627961272180765
2021-04-26,1.625637131286325
2021-04-27,1.6114558005072255
2021-04-28,1.6125020382253155
2021-04-29,1.607736949461244
2021-04-30,1.6114558005072253
2021-05-03,1.6124223551526866
2021-05-04,1.623364471604831
2021-05-05,1.6260411870214033
2021-05-06,1.6287187228557118
2021-05-07,1.6206866281138717
2021-05-10,1.604274581510042
2021-05-11,1.5951946082146395
2021-05-12,1.5784320381330184
2021-05-13,1.580876985539114
2021-05-14,1.595660400384368
2021-05-17,1.5922839711910335
2021-05-18,1.5882103920263624
2021-05-19,1.584368888528819
2021-05-20,1.5974062493270034
2021-05-21,1.6025282198063222
2021-05-24,1.6084644548888205
2021-05-25,1.6233644716048319
2021-05-26,1.620570744108634
2021-05-27,1.6140525251945186
2021-05-28,1.6114909759176657
2021-06-01,1.6111298895615203
2021-06-02,1.6148596111425064
2021-06-03,1.6087982623552377
2021-06-04,1.63083027300426
2021-06-07,1.6258180333971581
2021-06-08,1.6372424529259717
2021-06-09,1.6516966751545747
2021-06-10,1.661604449945804
2021-06-11,1.6589238375449848
2021-06-14,1.6462178229600086
2021-06-15,1.6442356937093474
2021-06-16,1.6428373942302101
2021-06-17,1.6674340307225963
2021-06-18,1.6987916272267962
2021-06-21,1.6703476417604963
2021-06-22,1.6744275791626229
2021-06-23,1.670115360988934
2021-06-24,1.6727962810464043
2021-06-25,1.6554268069444285
2021-06-28,1.6724465779863487
2021-06-29,1.6752443050190107
2021-06-30,1.6827044660465018
2021-07-01,1.6827976860117777
2021-07-02,1.6929519963327355
2021-07-06,1.7127958503270932
2021-07-07,1.7279695789103446
2021-07-08,1.7347388456517379
2021-07-09,1.7103450574446275
2021-07-12,1.7081272631992426
2021-07-13,1.6950535989162312
2021-07-14,1.7143125976168947
2021-07-15,1.7332225085708046
2021-07-16,1.7299539643097805
2021-07-19,1.767889054909537
2021-07-20,1.7508477479020415
2021-07-21,1.7286696003437585
2021-07-22,1.745011091022275
2021-07-23,1.7333390078893456
2021-07-26,1.7282027826518602
2021-07-27,1.7466453631527867
2021-07-28,1.7467618624713273
2021-07-29,1.7370741647378338
2021-07-30,1.7452440896593557
2021-08-02,1.7608119264126345
2021-08-03,1.761745972005299
2021-08-04,1.7653697571460982
2021-08-05,1.7563703898932772
2021-08-06,1.7270373792575868
2021-08-09,1.7208428151404025
2021-08-10,1.7128968642608633
2021-08-11,1.7118442683053177
2021-08-12,1.7090402855874172
2021-08-13,1.7360355158838034
2021-08-16,1.7402428231394753
2021-08-17,1.739542391497194
2021-08-18,1.7453852015099822
2021-08-19,1.7582405321229473
2021-08-20,1.759408806979297
2021-08-23,1.758240532122947
2021-08-24,1.744567039922556
2021-08-25,1.7300751810303043
2021-08-26,1.7348672410274535
2021-08-27,1.7466705909981748
2021-08-30,1.7512280115227703
2021-08-31,1.7393083673379426
2021-09-01,1.7422216707191918
2021-09-02,1.7498277635515096
2021-09-03,1.7339137105135538
2021-09-07,1.719286482694829
2021-09-08,1.7309878957618274
2021-09-09,1.7519331605670345
2021-09-10,1.7364873609520155
2021-09-13,1.7470196787449277
2021-09-14,1.7681989677093861
2021-09-15,1.7619966096237079
2021-09-16,1.7539226735773215
2021-09-17,1.745497598739841
2021-09-20,1.7671459615449723
2021-09-21,1.765624496853188
2021-09-22,1.776155994228364
2021-09-23,1.7360191075290787
2021-09-24,1.7190525610877945
2021-09-27,1.7127334985791416
2021-09-28,1.6860547444244949
2021-09-29,1.688980046415136
2021-09-30,1.688747047778055
2021-10-01,1.7029581187000917
2021-10-04,1.6986223135164875
2021-10-05,1.6822202144777094
2021-10-06,1.6917103966412126
2021-10-07,1.6740187034733438
2021-10-08,1.6623023177826597
2021-10-11,1.6580849604097192
2021-10-12,1.6864373667462156
2021-10-13,1.702840388754947
2021-10-14,1.7091682707542641
2021-10-15,1.699208912197871
2021-10-18,1.7071768092518533
2021-10-19,1.6836265130297743
2021-10-20,1.6722614712346182
2021-10-21,1.6702695995233396
2021-10-22,1.6886631600645283
2021-10-25,1.6860866381639896
2021-10-26,1.7000290222774206
2021-10-27,1.7309597964543622
2021-10-28,1.72510160360902
2021-10-29,1.730374223295149
2021-11-01,1.717914949344335
2021-11-02,1.7255399117845855
2021-11-03,1.707709773123733
2021-11-04,1.7256580519385984
2021-11-05,1.751466342875136
2021-11-08,1.74818200557269
2021-11-09,1.770940188470467
2021-11-10,1.7385626076157352
2021-11-11,1.7359811632087794
2021-11-12,1.728356610977397
2021-11-15,1.7066535878405913
2021-11-16,1.7023124499417015
2021-11-17,1.7158042196135244
2021-11-18,1.722255984691008
2021-11-19,1.740439108082861
2021-11-22,1.7200272173584013
2021-11-23,1.6951562536854732
2021-11-24,1.7223739197405867
2021-11-26,1.7658964653327385
2021-11-29,1.7517011874521236
2021-11-30,1.7783309216470322
2021-12-01,1.7893015476155096
2021-12-02,1.7915322634402395
2021-12-03,1.8129094781835564
2021-12-06,1.7880095947854273
2021-12-07,1.7735626537642328
2021-12-08,1.7429067195289185
2021-12-09,1.752655333279325
2021-12-10,1.748426490058078
2021-12-13,1.7742669823907615
2021-12-14,1.7700385493783826
2021-12-15,1.7530083180103258
2021-12-16,1.7536907004624107
2021-12-17,1.773562243555365
2021-12-20,1.7602743476909883
2021-12-21,1.7535725603083978
2021-12-22,1.76168526109282
2021-12-23,1.7463998531452283
2021-12-27,1.750632183141854
2021-12-28,1.7436951409734078
2021-12-29,1.7246460666609946
2021-12-30,1.739108800723611
2021-12-31,1.7425188670441298
2022-01-03,1.6967771940277716
2022-01-04,1.6897229346752658
2022-01-05,1.6805507669367576
2022-01-06,1.6849016472962646
2022-01-07,1.6727897177045148
2022-01-10,1.6769053432781664
2022-01-11,1.688076356278711
2022-01-12,1.6816087981598058
2022-01-13,1.6965428622118695
2022-01-14,1.6709084998354065
2022-01-18,1.6473916356360776
2022-01-19,1.6587973906613924
2022-01-20,1.6690274870707318
2022-01-21,1.6889002607902903
2022-01-24,1.6750245356179256
2022-01-25,1.6723199259983226
2022-01-26,1.6520958083832358
2022-01-27,1.682432497566951
2022-01-28,1.683020839636024
2022-01-31,1.6743192840214438
2022-02-01,1.6687610564109003
2022-02-02,1.6744126065389366
2022-02-03,1.6613424290313041
2022-02-04,1.6368501906958495
2022-02-07,1.6379100678588039
2022-02-08,1.6269598497815143
2022-02-09,1.6300204181464115
2022-02-10,1.6041160357825215
2022-02-11,1.627901689342673
2022-02-14,1.607648754554602
2022-02-15,1.5893972288339933
2022-02-16,1.5988170601766174
2022-02-17,1.6107099382328016
2022-02-18,1.6276657166912982
2022-02-22,1.631904610029814
2022-02-23,1.6094147037317748
2022-02-24,1.6104741706858612
2022-02-25,1.6116523931072628
2022-02-28,1.646977427231513
2022-03-01,1.6660193228887343
2022-03-02,1.6090703333870047
2022-03-03,1.6254591006375696
2022-03-04,1.6535206688865827
2022-03-07,1.6409049002525884
2022-03-08,1.6243984030568788
2022-03-09,1.608480247930242
2022-03-10,1.585371131345805
2022-03-11,1.5906770805024668
2022-03-14,1.553536051719136
2022-03-15,1.5508243659965582
2022-03-16,1.5660343980646363
2022-03-17,1.554361597066188
2022-03-18,1.5733447303030539
2022-03-21,1.5369112092649793
2022-03-22,1.5172211835961593
2022-03-23,1.5504706634000385
2022-03-24,1.5383263273077086
2022-03-25,1.5169851083925674
2022-03-28,1.5299547847275154
2022-03-29,1.5415093430197337
2022-03-30,1.553536051719136
2022-03-31,1.5573088452312724
2022-04-01,1.5632370812408427
2022-04-04,1.5523731095780713
2022-04-05,1.517301276877656
2022-04-06,1.5050204437844656
2022-04-07,1.4936840140578596
2022-04-08,1.4775058890610644
2022-04-11,1.454124393788209
2022-04-12,1.4521171392443766
2022-04-13,1.4550693099158782
2022-04-14,1.4259018185584662
2022-04-18,1.4188167935408529
2022-04-19,1.4081887945294562
2022-04-20,1.436529715017646
2022-04-21,1.4259018185584662
2022-04-22,1.4169275765988163
2022-04-25,1.431097934290694
2022-04-26,1.4455043671861636
2022-04-27,1.4269649773923654
2022-04-28,1.4290900644335596
2022-04-29,1.4105507771919783
2022-05-02,1.3861004827132872
2022-05-03,1.3954451432808317
2022-05-04,1.4031340983045058
2022-05-05,1.3646902461560881
2022-05-06,1.3445810895762864
2022-05-09,1.3564097699446132
2022-05-10,1.3687122415555957
2022-05-11,1.395090107505491
2022-05-12,1.3924877424462618
2022-05-13,1.3719057175937577
2022-05-16,1.3704860872534792
2022-05-17,1.3539259552482654
2022-05-18,1.382788866521113
2022-05-19,1.3861004827132875
2022-05-20,1.4018325055660235
2022-05-23,1.3787666660171711
2022-05-24,1.4059728462239778
2022-05-25,1.4115322019089087
2022-05-26,1.4051447370715
2022-05-27,1.4085755189398579
2022-05-31,1.378766666017171
2022-06-01,1.377190746098146
2022-06-02,1.377901227857696
2022-06-03,1.3749389045167089
2022-06-06,1.3495804076040434
2022-06-07,1.3641555388965192
2022-06-08,1.3520687345979405
2022-06-09,1.356572007551947
2022-06-10,1.3481582134583392
2022-06-13,1.3058540907566625
2022-06-14,1.2893832817324775
2022-06-15,1.3134382374145368
2022-06-16,1.3238659519460834
2022-06-17,1.3281319190698937
2022-06-21,1.3056171951353344
2022-06-22,1.3415223671512957
2022-06-23,1.3525426283928133
2022-06-24,1.3338197726827572
2022-06-27,1.3224441680092476
2022-06-28,1.328606120521418
2022-06-29,1.3493429992216301
2022-06-30,1.361193420659966
2022-07-01,1.3751680061695428
2022-07-05,1.3859730103075247
2022-07-06,1.362701143354669
2022-07-07,1.3507086870957534
2022-07-08,1.3357486773327825
2022-07-11,1.3587831359032252
2022-07-12,1.3668565591885267
2022-07-13,1.3825293068598221
2022-07-14,1.371249691061448
2022-07-15,1.3789675658103233
2022-07-18,1.3646010257272765
2022-07-19,1.3572393148281294
2022-07-20,1.3608011584298454
2022-07-21,1.38431022866068
2022-07-22,1.407582403270187
2022-07-25,1.3938093328670644
2022-07-26,1.394877824416249
2022-07-27,1.3870412967522758
2022-07-28,1.3980836067204538
2022-07-29,1.394284252184108
2022-08-01,1.4278630271568549
2022-08-02,1.397650118499089
2022-08-03,1.419655875780553
2022-08-04,1.4191798283891226
2022-08-05,1.3853989229966193
2022-08-08,1.4077610492322452
2022-08-09,1.4022891705884366
2022-08-10,1.3931303346381416
2022-08-11,1.3606571751171426
2022-08-12,1.3744553708134364
2022-08-15,1.3732659702003793
2022-08-16,1.378975462331035
2022-08-17,1.3645823612237789
2022-08-18,1.3666046909435139
2022-08-19,1.3445991387664842
2022-08-22,1.3400792523533198
2022-08-23,1.3327043122181765
2022-08-24,1.3229504683047018
2022-08-25,1.341387510985909
2022-08-26,1.35149792895798
2022-08-29,1.3403169683923841
2022-08-30,1.3436475567447086
2022-08-31,1.3308009430701908
2022-09-01,1.3064360745882815
2022-09-02,1.3138271154214978
2022-09-06,1.2812851433628747
2022-09-07,1.3015493588948182
2022-09-08,1.288198701073622
2022-09-09,1.2910596002719712
2022-09-12,1.2804506759729413
2022-09-13,1.2834307408474739
2022-09-14,1.2878414091495067
2022-09-15,1.2870069417595733
2022-09-16,1.276278544127709
2022-09-19,1.2792588141066754
2022-09-20,1.2665043948752632
2022-09-21,1.287722038368889
2022-09-22,1.2548225692817163
2022-09-23,1.2599486418497163
2022-09-26,1.2358699966055242
2022-09-27,1.2033282296513352
2022-09-28,1.2436178166017708
2022-09-29,1.2371810241479733
2022-09-30,1.2212085163463133
2022-10-03,1.2406127289862843
2022-10-04,1.237147489573006
2022-10-05,1.2253185015480283
2022-10-06,1.2185079062631743
2022-10-07,1.2066788156859796
2022-10-10,1.1879195539388794
2022-10-11,1.1931767907924544
2022-10-12,1.1990322147279366
2022-10-13,1.1875613390448108
2022-10-14,1.1777636027824494
2022-10-17,1.1720279598364522
2022-10-18,1.174776256700508
2022-10-19,1.1533883765266204
2022-10-20,1.1336733281168463
2022-10-21,1.1132414397100667
2022-10-24,1.1040412752163105
2022-10-25,1.1361825757630162
2022-10-26,1.1525517555401292
2022-10-27,1.1646199978874265
2022-10-28,1.156614566722013
2022-10-31,1.1483700863387138
2022-11-01,1.159102175850391
2022-11-02,1.1540716819486585
2022-11-03,1.1478435832565068
2022-11-04,1.128559049053804
2022-11-07,1.1172992258333156
2022-11-08,1.1295170918652524
2022-11-09,1.1332300974348632
2022-11-10,1.176829557189784
2022-11-11,1.1725177492249634
2022-11-14,1.1696426978206647
2022-11-15,1.1885681967115622
2022-11-16,1.2145600561165748
2022-11-17,1.2017435927938624
2022-11-18,1.1934789096238094
2022-11-21,1.198509916286627
2022-11-22,1.2155182014802406
2022-11-23,1.2367193340669256
2022-11-25,1.2325268968827223
2022-11-28,1.2360005455777965
2022-11-29,1.2215074560589407
2022-11-30,1.2304906200614718
2022-12-01,1.2697998078171475
2022-12-02,1.2857680084256924
2022-12-05,1.267758916146131
2022-12-06,1.2840870750364337
2022-12-07,1.3143436709386522
2022-12-08,1.3107416268678624
2022-12-09,1.2766435274681005
2022-12-12,1.280725413362351
2022-12-13,1.2930921852134083
2022-12-14,1.2986153399657292
2022-12-15,1.3036820348000713
2022-12-16,1.2891191072214214
2022-12-19,1.2674550539270852
2022-12-20,1.244949046930973
2022-12-21,1.248078120176843
2022-12-22,1.2478378403323531
2022-12-23,1.2295437554416788
2022-12-27,1.2052319064559716
2022-12-28,1.1981309858447193
2022-12-29,1.2117305378966354
2022-12-30,1.1982511770430728
2023-01-03,1.2211189882608497
2023-01-04,1.2378479212152869
2023-01-05,1.2430234239518927
2023-01-06,1.2658907224085845
2023-01-09,1.2726309668725595
2023-01-10,1.2515683823310755
2023-01-11,1.2719084865036177
2023-01-12,1.2969424056493988
2023-01-13,1.284786173499894
2023-01-17,1.2764821102785033
2023-01-18,1.307412987007662
2023-01-19,1.2992291149846247
2023-01-20,1.2781666329953576
2023-01-23,1.2721493816614096
2023-01-24,1.29044326144765
2023-01-25,1.2935725397979538
2023-01-26,1.2875548782551378
2023-01-27,1.2843047933931782
2023-01-30,1.279610978419939
2023-01-31,1.2898411773814953
2023-02-01,1.305346559834606
2023-02-02,1.3070357999534434
2023-02-03,1.2874885269707224
2023-02-06,1.277956195846022
2023-02-07,1.267699333308039
2023-02-08,1.27373268534006
2023-02-09,1.261666083828235
2023-02-10,1.247548437975908
2023-02-13,1.258046195671683
2023-02-14,1.2551504287195452
2023-02-15,1.2434459390860362
2023-02-16,1.2258288013799448
2023-02-17,1.2353613376090793
2023-02-21,1.2113489410970852
2023-02-22,1.2224503211422697
2023-02-23,1.2343963212468732
2023-02-24,1.2183476171479635
2023-02-27,1.2217263024900724
2023-02-28,1.2272769412365563
2023-03-01,1.214092212902507
2023-03-02,1.2033262811592114
2023-03-03,1.2324784922362866
2023-03-06,1.2229223689972364
2023-03-07,1.2304221151804993
2023-03-08,1.2316316160280931
2023-03-09,1.2346556758037293
2023-03-10,1.277234125685948
2023-03-13,1.2801371738454947
2023-03-14,1.2590897670321306
2023-03-15,1.2834029491966592
2023-03-16,1.2733632922543354
2023-03-17,1.2924751285235678
2023-03-20,1.2811048565653436
2023-03-21,1.270097106694303
2023-03-22,1.2870318619483097
2023-03-23,1.2870318619483097
2023-03-24,1.2924751285235683
2023-03-27,1.262114134464418
2023-03-28,1.2644123296479506
2023-03-29,1.2618719061278048
2023-03-30,1.267678412655766
2023-03-31,1.286669032204475
2023-04-03,1.2927204334266922
2023-04-04,1.2991476885243065
2023-04-05,1.3127297041471113
2023-04-06,1.3161251055005954
2023-04-10,1.2949033599182884
2023-04-11,1.2975712558441965
2023-04-12,1.296237154052917
2023-04-13,1.2860508474402474
2023-04-14,1.2742876979386
2023-04-17,1.2591292496356854
2023-04-18,1.2636158065783167
2023-04-19,1.2624029215075607
2023-04-20,1.2731958244839336
2023-04-21,1.2660413716153944
2023-04-24,1.2782893879991368
2023-04-25,1.297085876201017
2023-04-26,1.2832613245849478
2023-04-27,1.270528441319111
2023-04-28,1.291022681473842
2023-05-01,1.2537964317981631
2023-05-02,1.2850409132069847
2023-05-03,1.2922140305790224
2023-05-04,1.2794485357081715
2023-05-05,1.275193541671583
2023-05-08,1.257322074467269
2023-05-09,1.252824134228548
2023-05-10,1.264981597004657
2023-05-11,1.2783547137613815
2023-05-12,1.2676559537202376
2023-05-15,1.2545260908222966
2023-05-16,1.2507569891899728
2023-05-17,1.247109924695909
2023-05-18,1.2378700724941643
2023-05-19,1.2291169331144205
2023-05-22,1.2247404147006573
2023-05-23,1.2282662624741973
2023-05-24,1.2221872747056002
2023-05-25,1.2191479346496272
2023-05-26,1.2289954087372457
2023-05-30,1.2412742933383123
2023-05-31,1.252094577756631
2023-06-01,1.2570066238476993
2023-06-02,1.2432326304746235
2023-06-05,1.2409166937575455
2023-06-06,1.2482302051146907
2023-06-07,1.2297020960647653
2023-06-08,1.2440856598158385
2023-06-09,1.2423793960289748
2023-06-12,1.246036202983656
2023-06-13,1.2337245016731413
2023-06-14,1.2435980240238842
2023-06-15,1.2555444343373554
2023-06-16,1.2506682815222456
2023-06-20,1.2593233809825135
2023-06-21,1.2623706175591975
2023-06-22,1.2471329989447395
2023-06-23,1.2595669424979483
2023-06-26,1.2609076076311176
2023-06-27,1.2576162967779139
2023-06-28,1.2629799828327608
2023-06-29,1.2401854964501569
2023-06-30,1.2548128268210985
2023-07-03,1.2476994973915863
2023-07-05,1.2358431279246629
2023-07-06,1.2183649484726404
2023-07-07,1.2110310292243072
2023-07-10,1.2126199732748941
2023-07-11,1.218853302130114
2023-07-12,1.2324208578903184
2023-07-13,1.2453768947804018
2023-07-14,1.2380430780842857
2023-07-17,1.2386543918499724
2023-07-18,1.2442771248050248
2023-07-19,1.2583329316704854
2023-07-20,1.2430544972736515
2023-07-21,1.2434212240017333
2023-07-24,1.2388988763353603
2023-07-25,1.2365763762763928
2023-07-26,1.237798901255549
2023-07-27,1.2137201534591398
2023-07-28,1.2199539950754448
2023-07-31,1.2228872961390138
2023-08-01,1.2028477725145723
2023-08-02,1.189978494800092
2023-08-03,1.1625239331236503
2023-08-04,1.1831148800190359
2023-08-07,1.1714709987457885
2023-08-08,1.185075986065207
2023-08-09,1.1912040963457589
2023-08-10,1.1715935486451332
2023-08-11,1.1688976559639772
2023-08-14,1.1663234927644301
2023-08-15,1.159214880736901
2023-08-16,1.1501448550065496
2023-08-17,1.1452425513760986
2023-08-18,1.1492870057111346
2023-08-21,1.1339665249053203
2023-08-22,1.1426685932809857
2023-08-23,1.1709811068050593
2023-08-24,1.1632596427285882
2023-08-25,1.1670588947127174
2023-08-28,1.1682844962583845
2023-08-29,1.1804181669201437
2023-08-30,1.1791927704789107
2023-08-31,1.1844630314640476
2023-09-01,1.1660110161591546
2023-09-05,1.149660808542191
2023-09-06,1.1524883782700073
2023-09-07,1.1556845206658117
2023-09-08,1.1601100590393132
2023-09-11,1.151751027829597
2023-09-12,1.158389130285415
2023-09-13,1.1581435177256398
2023-09-14,1.1497837686504044
2023-09-15,1.1427765807655133
2023-09-18,1.1492921333219863
2023-09-19,1.140809936899623
2023-09-20,1.1443746519634157
2023-09-21,1.1149941596512425
2023-09-22,1.1239682990586752
2023-09-25,1.0963086329481833
2023-09-26,1.0924976900113132
2023-09-27,1.086842550555681
2023-09-28,1.0901618581641326
2023-09-29,1.0902847157201287
2023-10-02,1.07203318999952
2023-10-03,1.0489722729570847
2023-10-04,1.0637707629782414
2023-10-05,1.0584676852836563
2023-10-06,1.0456424024702797
2023-10-09,1.070183148004387
2023-10-10,1.068703627169366
2023-10-11,1.091024835070399
2023-10-12,1.061427855028086
2023-10-13,1.080419294994531
2023-10-16,1.0630309512846225
2023-10-17,1.0513152834594577
2023-10-18,1.0420659964537466
2023-10-19,1.0207311357760611
2023-10-20,1.026527489634537
2023-10-23,1.03885959883624
2023-10-24,1.052548678973619
2023-10-25,1.029117138218855
2023-10-26,1.0449021805677932
2023-10-27,1.0404624899883423
2023-10-30,1.0357765715358143
2023-10-31,1.0307206446842596
2023-11-01,1.0530686187139362
2023-11-02,1.077075579958428
2023-11-03,1.0843764773928792
2023-11-06,1.0738580041492654
2023-11-07,1.0896972966210097
2023-11-08,1.1082588376936853
2023-11-09,1.0827675356599722
2023-11-10,1.0888308329393646
2023-11-13,1.0863562479425488
2023-11-14,1.1109813939512678
2023-11-15,1.095389457426988
2023-11-16,1.1090014182971641
2023-11-17,1.1141988672082135
2023-11-20,1.1210046425388673
2023-11-21,1.1205099306439383
2023-11-22,1.1244698819521457
2023-11-24,1.1112288524509493
2023-11-27,1.129790496075842
2023-11-28,1.1320179302296272
2023-11-29,1.1462484860728988
2023-11-30,1.1330077642283536
2023-12-01,1.1543472397558054
2023-12-04,1.149754028507468
2023-12-05,1.1744573193055603
2023-12-06,1.1900984808940123
2023-12-07,1.183271067045566
2023-12-08,1.1735883943707068
2023-12-11,1.1711054000920949
2023-12-12,1.1745813049359437
2023-12-13,1.2021397520082318
2023-12-14,1.2334112046501307
2023-12-15,1.2347808920607177
2023-12-18,1.2249425451204143
2023-12-19,1.2315428058081501
2023-12-20,1.2398866592897466
2023-12-21,1.232041004478458
2023-12-22,1.226436936026904
2023-12-26,1.2299238139579747
2023-12-27,1.2517180060157158
2023-12-28,1.2426265468720064
2023-12-29,1.2314185125211157
2024-01-02,1.22431943784977
2024-01-03,1.229425717839884
2024-01-04,1.21074552385211
2024-01-05,1.199163276461295
2024-01-08,1.2109942129783962
2024-01-09,1.2032729540063591
2024-01-10,1.1976691932114563
2024-01-11,1.2043939522906604
2024-01-12,1.2020276624350232
2024-01-16,1.1808563725434926
2024-01-17,1.1789885890148144
2024-01-18,1.1680290386857755
2024-01-19,1.171765323608651
2024-01-22,1.178739284575226
2024-01-23,1.1693990337530136
2024-01-24,1.162549673730124
2024-01-25,1.1701461266540414
2024-01-26,1.1679046428465238
2024-01-29,1.1813548788704513
2024-01-30,1.192065022207685
2024-01-31,1.2037714603333174
2024-02-01,1.2273844159599987
2024-02-02,1.20027309655394
2024-02-05,1.176035187716708
2024-02-06,1.1875293427530984
2024-02-07,1.1817824190632287
2024-02-08,1.1749108052092445
2024-02-09,1.1725368239373304
2024-02-12,1.1739112287499007
2024-02-13,1.1537962266937287
2024-02-14,1.159668264088369
2024-02-15,1.165665312635563
2024-02-16,1.1589188124863494
2024-02-20,1.159918183841259
2024-02-21,1.1516721651747046
2024-02-22,1.1572943853686717
2024-02-23,1.1727866411380032
2024-02-26,1.169288585015277
2024-02-27,1.1610427714531564
2024-02-28,1.16841391715627
2024-02-29,1.1766599358228245
2024-03-01,1.1839918040268171
2024-03-04,1.1792290739637372
2024-03-05,1.1960233326804193
2024-03-06,1.2030418013091833
2024-03-07,1.2019137269219071
2024-03-08,1.1997832046132106
2024-03-11,1.1991564054627533
2024-03-12,1.1891301828608598
2024-03-13,1.1833650048763595
2024-03-14,1.165192136706209
2024-03-15,1.164816180278595
2024-03-18,1.16130704851643
2024-03-19,1.164565645212403
2024-03-20,1.1641893811281379
2024-03-21,1.1666959624166655
2024-03-22,1.177850464510269
2024-03-25,1.171960070268781
2024-03-26,1.1752183593081025
2024-03-27,1.1868741366385247
2024-03-28,1.1858717912693213
2024-04-01,1.163765840471824
2024-04-02,1.157352429923508
2024-04-03,1.1571011769917965
2024-04-04,1.165400010050119
2024-04-05,1.1491792233310412
2024-04-08,1.1490533917607513
2024-04-09,1.1597421016846265
2024-04-10,1.1344669797244025
2024-04-11,1.1293115772223334
2024-04-12,1.135347390507563
2024-04-15,1.1177431743808166
2024-04-16,1.1103243418967865
2024-04-17,1.1226472213989571
2024-04-18,1.116989107929031
2024-04-19,1.1210126416117938
2024-04-22,1.119126296131834
2024-04-23,1.1195035857382694
2024-04-24,1.1115817346297312
2024-04-25,1.1037855099870488
2024-04-26,1.1095696601316989
2024-04-29,1.1188750432001229
2024-04-30,1.1093184071999875
2024-05-01,1.117495100567833
2024-05-02,1.122290134579276
2024-05-03,1.1336467670926358
2024-05-06,1.1380632808710387
2024-05-07,1.1450033996059956
2024-05-08,1.1380632808710387
2024-05-09,1.1436155604529947
2024-05-10,1.1371799986258013
2024-05-13,1.1400821238153949
2024-05-14,1.1465176856425883
2024-05-15,1.1621644876029766
2024-05-16,1.1610287217994235
2024-05-17,1.1532053208192294
2024-05-20,1.1497982285130044
2024-05-21,1.1557289257757832
2024-05-22,1.157117072585435
2024-05-23,1.1496720892860635
2024-05-24,1.1530790790400716
2024-05-28,1.136548892282229
2024-05-29,1.1227948965914734
2024-05-30,1.1336467670926358
2024-05-31,1.1413441313981059
2024-06-03,1.159804555984795
2024-06-04,1.1733527293759813
2024-06-05,1.181962603308541
2024-06-06,1.1801898856850452
2024-06-07,1.1585384463134032
2024-06-10,1.1508149311925917
2024-06-11,1.1627170389483081
2024-06-12,1.1714532572122427
2024-06-13,1.1886732101817958
2024-06-14,1.1986756406693393
2024-06-17,1.1867739431224908
2024-06-18,1.1976629375262164
2024-06-20,1.189686323533787
2024-06-21,1.189686323533787
2024-06-24,1.1944975607955197
2024-06-25,1.1965235823950677
2024-06-26,1.1794303839657574
2024-06-27,1.184115071791681
2024-06-28,1.162083779008178
2024-07-01,1.1420278470290124
2024-07-02,1.150919021692872
2024-07-03,1.166034398064636
2024-07-05,1.175687535700992
2024-07-08,1.1782278566689208
2024-07-09,1.173020152536169
2024-07-10,1.1767037256194937
2024-07-11,1.188135323803499
2024-07-12,1.193216068291574
2024-07-15,1.179498273533428
2024-07-16,1.1961376784024023
2024-07-17,1.1963914951395394
2024-07-18,1.1872465037385427
2024-07-19,1.1802603390581414
2024-07-22,1.1768308903686049
2024-07-23,1.1751793894656326
2024-07-24,1.1624774769693373
2024-07-25,1.1720039626176673
2024-07-26,1.1811495693319662
2024-07-29,1.187500115371246
2024-07-30,1.1920729187283952
2024-07-31,1.204266684989331
2024-08-01,1.2146532760818505
2024-08-02,1.2525038636547778
2024-08-05,1.25913078791894
2024-08-06,1.2309658470351654
2024-08-07,1.222300082144327
2024-08-08,1.2147807484876123
2024-08-09,1.2267603857193998
2024-08-12,1.231220894398907
2024-08-13,1.2397595970928512
2024-08-14,1.2475335679044393
2024-08-15,1.2374654014457827
2024-08-16,1.2417985402717444
2024-08-19,1.2475335679044393
2024-08-20,1.2574739543006825
2024-08-21,1.2582386861830388
2024-08-22,1.2457494669848537
2024-08-23,1.2539055473570773
2024-08-26,1.2507196601829755
2024-08-27,1.2485531420461031
2024-08-28,1.2470237808336078
2024-08-29,1.2429455868191703
2024-08-30,1.229691635738629
2024-09-03,1.2498035612282903
2024-09-04,1.265913386448547
2024-09-05,1.2730734796890226
2024-09-06,1.2729455970743924
2024-09-09,1.2784435239813254
2024-09-10,1.2873934610655402
2024-09-11,1.2863706052529318
2024-09-12,1.280361455544129
2024-09-13,1.2838135682736278
2024-09-16,1.2955764101186242
2024-09-17,1.2893110849716924
2024-09-18,1.2733288347094152
2024-09-19,1.2691098365010025
2024-09-20,1.2642513226672212
2024-09-23,1.2615663005210698
2024-09-24,1.2613108429484603
2024-09-25,1.2508265195931159
2024-09-26,1.2537671018640937
2024-09-27,1.260287782031418
2024-09-30,1.254278222113747
2024-10-01,1.2633341981903659
2024-10-02,1.2526880474365558
2024-10-03,1.240886851062392
2024-10-04,1.2256228765281585
2024-10-07,1.2163872289673117
2024-10-08,1.218439503934418
2024-10-09,1.2115132297487596
2024-10-10,1.2067672156970548
2024-10-11,1.2018928062696346
2024-10-14,1.2027906509296893
2024-10-15,1.2174135715552987
2024-10-16,1.2225442589730646
2024-10-17,1.2031756319524014
2024-10-18,1.204073579164673
2024-10-21,1.1830371454385304
2024-10-22,1.184191575745582
2024-10-23,1.180984870471424
2024-10-24,1.1885528138790085
2024-10-25,1.1818828176836957
2024-10-28,1.1786761124095377
2024-10-29,1.180471596625213
2024-10-30,1.183935297755236
2024-10-31,1.1858590747944098
2024-11-01,1.169140499613892
2024-11-04,1.1872876271775692
2024-11-05,1.193594178315745
2024-11-06,1.1609035055424357
2024-11-07,1.1754469481998508
2024-11-08,1.1903767050587994
2024-11-11,1.1845850686023067
2024-11-12,1.1668241526879461
2024-11-13,1.1557554867999926
2024-11-14,1.1624477368264
2024-11-15,1.1593591717062548
2024-11-18,1.1614182151196848
2024-11-19,1.167338554608544
2024-11-20,1.1636064743265664
2024-11-21,1.1627051428911326
2024-11-22,1.1633488631573992
2024-11-25,1.1934655778355954
2024-11-26,1.188832166118184
2024-11-27,1.1970693652940745
2024-11-29,1.209424651296825
2024-12-02,1.2123304683662313
2024-12-03,1.2018694243641515
2024-12-04,1.214784542919642
2024-12-05,1.2172382072641845
2024-12-06,1.2190464079547711
2024-12-09,1.2078100691919815
2024-12-10,1.2021275482944036
2024-12-11,1.1907625064992475
2024-12-12,1.1762979264967248
2024-12-13,1.1642868057343105
2024-12-16,1.167773786217598
2024-12-17,1.1706150979424956
2024-12-18,1.1559775123498515
2024-12-19,1.1384743101568748
2024-12-20,1.1449568408994657
2024-12-23,1.134455186219444
2024-12-24,1.1392523738274445
2024-12-26,1.1386040387114118
2024-12-27,1.1292691206044847
2024-12-30,1.1383448892589896
2024-12-31,1.132251133971141
2025-01-02,1.1353625682356825
2025-01-03,1.1317323223052107
2025-01-06,1.1266759852447878
2025-01-07,1.1139701757642455
2025-01-08,1.1153964719986307
2025-01-10,1.1080060464787167
2025-01-13,1.1076170659195406
2025-01-14,1.1058021993348472
2025-01-15,1.1248609135556606
2025-01-16,1.1284910569339153
2025-01-17,1.1304359597297964
2025-01-21,1.140548941507293
2025-01-22,1.134585017326198
2025-01-23,1.1257682955718988
2025-01-24,1.1308249402889727
2025-01-27,1.1441790848855475
2025-01-28,1.143401021214978
2025-01-29,1.141067342964355
2025-01-30,1.1453458214586423
2025-01-31,1.1378261801452765
2025-02-03,1.1470902346702392
2025-02-04,1.1506034685210853
2025-02-05,1.1696000360983814
2025-02-06,1.169079788701413
2025-02-07,1.1615330736027527
2025-02-10,1.1580198397519068
2025-02-11,1.1506034685210853
2025-02-12,1.1349898934790132
2025-02-13,1.1538562197406876
2025-02-14,1.1599716135463285
2025-02-18,1.1463096071942442
2025-02-19,1.1477408259350466
2025-02-20,1.1520346872618878
2025-02-21,1.165957073692999
2025-02-24,1.169339861123789
2025-02-25,1.189507575019512
2025-02-26,1.1965339401689872
2025-02-27,1.1880763562787098
2025-02-28,1.202649231422411
2025-03-03,1.208261709155761
2025-03-04,1.1933819977787206
2025-03-05,1.1838536661904842
2025-03-06,1.1799379148878146
2025-03-07,1.1761529176618521
2025-03-10,1.1884221623545186
2025-03-11,1.1799379148878146
2025-03-12,1.1728898086683304
2025-03-13,1.1832012289857705
2025-03-14,1.1769359038388387
2025-03-17,1.1828096846211686
2025-03-18,1.1839843177149743
2025-03-19,1.190118991337416
2025-03-20,1.1909018749621856
2025-03-21,1.1838536661904842
2025-03-24,1.1717150730223078
2025-03-25,1.1715844214978177
2025-03-26,1.1638836729691857
2025-03-27,1.1604899124511738
2025-03-28,1.1765443594742366
2025-03-31,1.1881610644099723
2025-04-01,1.1984569993426415
2025-04-02,1.197671244255795
2025-04-03,1.2031729655947578
2025-04-04,1.2162722679320255
2025-04-07,1.179594159856346
2025-04-08,1.1573253561382129
2025-04-09,1.1641368743930203
2025-04-10,1.1320434657316651
2025-04-11,1.1382001880807673
2025-04-14,1.1463218109080704
2025-04-15,1.1503825710456135
2025-04-16,1.1568012117569977
2025-04-17,1.1465838318225696
2025-04-21,1.1265418469449195
2025-04-22,1.1328297335795967
2025-04-23,1.1438329711530881
2025-04-24,1.1558844974890103
2025-04-25,1.1643989978597367
2025-04-28,1.1717345579435423
2025-04-29,1.1815589577823302
2025-04-30,1.1719964763058244
2025-05-01,1.1660538829858706
2025-05-02,1.153432371427723
2025-05-05,1.1469898360497721
2025-05-06,1.1508027274787653
2025-05-07,1.1556673944455682
2025-05-08,1.1427827338985341
2025-05-09,1.1444919716996915
2025-05-12,1.1338423341705026
2025-05-13,1.129240611088152
2025-05-14,1.1217466078290426
2025-05-15,1.1316073111526572
2025-05-16,1.1346312683760764
2025-05-19,1.1313444698204218
2025-05-20,1.1231929017457474
2025-05-21,1.1039975879718567
2025-05-22,1.1097825585342427
2025-05-23,1.1116231657254092
2025-05-27,1.1271372651169669
2025-05-28,1.122272598150164
2025-05-29,1.1326591892426836
2025-05-30,1.1343682219394071
2025-06-02,1.123811189062192
2025-06-03,1.1218317261691735
2025-06-04,1.1400428463162744
2025-06-05,1.1408345494317083
2025-06-06,1.1263183856640218
2025-06-09,1.1275061454416067
2025-06-10,1.133312446865134
2025-06-11,1.13674363894236
2025-06-12,1.1503360123390842
2025-06-13,1.1392509380964067
2025-06-16,1.1277700122960124
2025-06-17,1.141494267843831
2025-06-18,1.1434739358412835
2025-06-20,1.1413623856927366
2025-06-23,1.145057342072151
2025-06-24,1.1533712503063762
2025-06-25,1.1548227743861497
2025-06-26,1.160629178361894
2025-06-27,1.153239265603065
2025-06-30,1.164588206700148
2025-07-01,1.1674756669227069
2025-07-02,1.1600582701697153
2025-07-03,1.1519781809903074
2025-07-07,1.1409843782207822
2025-07-08,1.1395273163212896
2025-07-09,1.1514483962371558
2025-07-10,1.1522430733668834
2025-07-11,1.1363484026979453
2025-07-14,1.1339641662043287
2025-07-15,1.1260168821459684
2025-07-16,1.1276062364054236
2025-07-17,1.1273413440288478
2025-07-18,1.1290631957526993
2025-07-21,1.1391300290325348
2025-07-22,1.1460176410323748
2025-07-23,1.1396598137856864
2025-07-24,1.137672864580825
2025-07-25,1.1448255740616748
2025-07-28,1.1374079722042492
2025-07-29,1.1566142590653619
2025-07-30,1.1506537191074289
2025-07-31,1.15131589877276
2025-08-01,1.1676837453710518
2025-08-04,1.170874862708222
2025-08-05,1.17446490816962
2025-08-06,1.167683745371052
2025-08-07,1.1656892073021308
2025-08-08,1.160636664673738
2025-08-11,1.1619662541674685
2025-08-12,1.1561158552906203
2025-08-13,1.1656892073021308
2025-08-14,1.1570467217645573
2025-08-15,1.1488029592467772
2025-08-18,1.1454789342363425
2025-08-19,1.1521270868094289
2025-08-20,1.1546532555714082
2025-08-21,1.1489359694722587
2025-08-22,1.1574456498887848
2025-08-25,1.1541215223261332
2025-08-26,1.1534566763031595
2025-08-27,1.152127086809429
2025-08-28,1.1597060033042352
2025-08-29,1.1514622407864552
2025-09-02,1.1428934902929226
2025-09-03,1.1554395234193398
2025-09-04,1.1642485537573621
2025-09-05,1.1819999323155395
2025-09-08,1.1977491839407357
2025-09-09,1.1909423830879116
2025-09-10,1.197749183940736
2025-09-11,1.2057572814637922
2025-09-12,1.200552038584249
2025-09-15,1.203354893227762
2025-09-16,1.205890804450359
2025-09-17,1.2028210063859295
2025-09-18,1.1904083936938619
2025-09-19,1.1881394258921814
2025-09-22,1.183868433709737
2025-09-23,1.1921434746537096
2025-09-24,1.1876056416025658
2025-09-25,1.1876056416025658
2025-09-26,1.1865378679189005
2025-09-29,1.1962810464018045
2025-09-30,1.192810884482109
2025-10-01,1.195891347977109
2025-10-02,1.1993737136106306
2025-10-03,1.1970967467360223
2025-10-06,1.1875874898601524
2025-10-07,1.1944180828273265
2025-10-08,1.1953556151953701
2025-10-09,1.1944180828273265
2025-10-10,1.2137045655221528
2025-10-13,1.2130347969927617
2025-10-14,1.2169189622125878
2025-10-15,1.214240298303892
2025-10-16,1.2233476530412404
2025-10-17,1.2214725883051534
2025-10-20,1.226160352697588
2025-10-21,1.2321873464921533
2025-10-22,1.232990843112545
2025-10-23,1.2245531543523704
2025-10-24,1.2250888871341095
2025-10-27,1.2292407136403707
2025-10-28,1.2324551103308055
2025-10-29,1.2199993231553703
2025-10-30,1.2129008637973266
2025-10-31,1.2092846675205875
2025-11-03,1.2062603000883003
2025-11-04,1.2089487064576134
2025-11-05,1.1957757716285218
2025-11-06,1.2069995990208342
